step,sim_time,x,y,yaw,subgoal,num_nodes,sg_x,sg_y,sg_yaw,goal_local_x,goal_local_y,goal_bearing_deg,pred_bearing_deg,modality,controller,v,w,latency,dist,similarity,state,wp0_x,wp0_y,wp0_yaw_deg,wp1_x,wp1_y,wp1_yaw_deg,wp2_x,wp2_y,wp2_yaw_deg,wp3_x,wp3_y,wp3_yaw_deg,wp4_x,wp4_y,wp4_yaw_deg,wp5_x,wp5_y,wp5_yaw_deg,wp6_x,wp6_y,wp6_yaw_deg,wp7_x,wp7_y,wp7_yaw_deg
1,1000,0,0,0,0,24,0,0,0,0,0,0,104.21,6,trajectory,0.041077,1,0.13609,0,1,running,0.023546,0.036086,0.43684,0.006435,0.068461,176.15,-0.0079257,0.048692,7.6434,-0.037259,0.042882,119.26,-0.0070727,0.027921,-132.59,-0.010345,0.036973,-44.352,-0.0032331,0.056387,-130.08,-0.015008,0.072643,-97.426
2,1000.2,0,0,0,3,24,3.2039,0.017109,0.01068,3.2039,0.017109,0.30596,104.21,6,trajectory,0.041077,1,0.13502,0,1,running,0.023546,0.036086,0.43684,0.006435,0.068461,176.15,-0.0079257,0.048692,7.6434,-0.037259,0.042882,119.26,-0.0070727,0.027921,-132.59,-0.010345,0.036973,-44.352,-0.0032331,0.056387,-130.08,-0.015008,0.072643,-97.426
3,1000.4,0,0,0,3,24,3.2039,0.017109,0.01068,3.2039,0.017109,0.30596,104.21,6,trajectory,0.041077,1,0.13471,3.204,1,running,0.023546,0.036086,0.43684,0.006435,0.068461,176.15,-0.0079257,0.048692,7.6434,-0.037259,0.042882,119.26,-0.0070727,0.027921,-132.59,-0.010345,0.036973,-44.352,-0.0032331,0.056387,-130.08,-0.015008,0.072643,-97.426
4,1000.6,0,0,0,3,24,3.2039,0.017109,0.01068,3.2039,0.017109,0.30596,104.21,6,trajectory,0.041077,1,0.13383,3.204,1,running,0.023546,0.036086,0.43684,0.006435,0.068461,176.15,-0.0079257,0.048692,7.6434,-0.037259,0.042882,119.26,-0.0070727,0.027921,-132.59,-0.010345,0.036973,-44.352,-0.0032331,0.056387,-130.08,-0.015008,0.072643,-97.426
5,1000.8,0,0,0,3,24,3.2039,0.017109,0.01068,3.2039,0.017109,0.30596,104.21,6,trajectory,0.041077,1,0.13337,3.204,1,running,0.023546,0.036086,0.43684,0.006435,0.068461,176.15,-0.0079257,0.048692,7.6434,-0.037259,0.042882,119.26,-0.0070727,0.027921,-132.59,-0.010345,0.036973,-44.352,-0.0032331,0.056387,-130.08,-0.015008,0.072643,-97.426
6,1000.9,0,0,0,3,24,3.2039,0.017109,0.01068,3.2039,0.017109,0.30596,104.21,6,trajectory,0.041077,1,0.14425,3.204,1,running,0.023546,0.036086,0.43684,0.006435,0.068461,176.15,-0.0079257,0.048692,7.6434,-0.037259,0.042882,119.26,-0.0070727,0.027921,-132.59,-0.010345,0.036973,-44.352,-0.0032331,0.056387,-130.08,-0.015008,0.072643,-97.426
7,1001.1,0,0,0,3,24,3.2039,0.017109,0.01068,3.2039,0.017109,0.30596,104.21,6,trajectory,0.041077,1,0.14108,3.204,1,running,0.023546,0.036086,0.43684,0.006435,0.068461,176.15,-0.0079257,0.048692,7.6434,-0.037259,0.042882,119.26,-0.0070727,0.027921,-132.59,-0.010345,0.036973,-44.352,-0.0032331,0.056387,-130.08,-0.015008,0.072643,-97.426
8,1001.3,0,0,0,3,24,3.2039,0.017109,0.01068,3.2039,0.017109,0.30596,104.21,6,trajectory,0.041077,1,0.13468,3.204,1,running,0.023546,0.036086,0.43684,0.006435,0.068461,176.15,-0.0079257,0.048692,7.6434,-0.037259,0.042882,119.26,-0.0070727,0.027921,-132.59,-0.010345,0.036973,-44.352,-0.0032331,0.056387,-130.08,-0.015008,0.072643,-97.426
9,1001.4,0,0,0,3,24,3.2039,0.017109,0.01068,3.2039,0.017109,0.30596,104.21,6,trajectory,0.041077,1,0.1369,3.204,1,running,0.023546,0.036086,0.43684,0.006435,0.068461,176.15,-0.0079257,0.048692,7.6434,-0.037259,0.042882,119.26,-0.0070727,0.027921,-132.59,-0.010345,0.036973,-44.352,-0.0032331,0.056387,-130.08,-0.015008,0.072643,-97.426
10,1001.6,0,0,0,3,24,3.2039,0.017109,0.01068,3.2039,0.017109,0.30596,104.21,6,trajectory,0.041077,1,0.13423,3.204,1,running,0.023546,0.036086,0.43684,0.006435,0.068461,176.15,-0.0079257,0.048692,7.6434,-0.037259,0.042882,119.26,-0.0070727,0.027921,-132.59,-0.010345,0.036973,-44.352,-0.0032331,0.056387,-130.08,-0.015008,0.072643,-97.426
11,1001.7,0,0,0,3,24,3.2039,0.017109,0.01068,3.2039,0.017109,0.30596,104.21,6,trajectory,0.041077,1,0.1364,3.204,1,running,0.023546,0.036086,0.43684,0.006435,0.068461,176.15,-0.0079257,0.048692,7.6434,-0.037259,0.042882,119.26,-0.0070727,0.027921,-132.59,-0.010345,0.036973,-44.352,-0.0032331,0.056387,-130.08,-0.015008,0.072643,-97.426
12,1001.9,0,0,0,3,24,3.2039,0.017109,0.01068,3.2039,0.017109,0.30596,104.21,6,trajectory,0.041077,1,0.13493,3.204,1,running,0.023546,0.036086,0.43684,0.006435,0.068461,176.15,-0.0079257,0.048692,7.6434,-0.037259,0.042882,119.26,-0.0070727,0.027921,-132.59,-0.010345,0.036973,-44.352,-0.0032331,0.056387,-130.08,-0.015008,0.072643,-97.426
13,1002.1,0,0,0,3,24,3.2039,0.017109,0.01068,3.2039,0.017109,0.30596,104.21,6,trajectory,0.041077,1,0.13437,3.204,1,running,0.023546,0.036086,0.43684,0.006435,0.068461,176.15,-0.0079257,0.048692,7.6434,-0.037259,0.042882,119.26,-0.0070727,0.027921,-132.59,-0.010345,0.036973,-44.352,-0.0032331,0.056387,-130.08,-0.015008,0.072643,-97.426
14,1002.2,0.012,2.4e-07,4e-05,3,24,3.2039,0.017109,0.01068,3.1919,0.016981,0.30481,104.21,6,trajectory,0.041077,1,0.13719,3.192,1,running,0.023546,0.036086,0.43684,0.006435,0.068461,176.15,-0.0079257,0.048692,7.6434,-0.037259,0.042882,119.26,-0.0070727,0.027921,-132.59,-0.010345,0.036973,-44.352,-0.0032331,0.056387,-130.08,-0.015008,0.072643,-97.426
15,1002.4,0.108,1.944e-05,0.00036,3,24,3.2039,0.017109,0.01068,3.0959,0.015975,0.29565,104.21,6,trajectory,0.041077,1,0.13748,3.096,1,running,0.023546,0.036086,0.43684,0.006435,0.068461,176.15,-0.0079257,0.048692,7.6434,-0.037259,0.042882,119.26,-0.0070727,0.027921,-132.59,-0.010345,0.036973,-44.352,-0.0032331,0.056387,-130.08,-0.015008,0.072643,-97.426
16,1002.6,0.216,7.776e-05,0.00072,3,24,3.2039,0.017109,0.01068,2.988,0.01488,0.28533,104.21,6,trajectory,0.041077,1,0.13686,2.988,1,running,0.023546,0.036086,0.43684,0.006435,0.068461,176.15,-0.0079257,0.048692,7.6434,-0.037259,0.042882,119.26,-0.0070727,0.027921,-132.59,-0.010345,0.036973,-44.352,-0.0032331,0.056387,-130.08,-0.015008,0.072643,-97.426
17,1002.7,0.312,0.00016224,0.00104,3,24,3.2039,0.017109,0.01068,2.892,0.013939,0.27617,104.21,6,trajectory,0.041077,1,0.13486,2.892,1,running,0.023546,0.036086,0.43684,0.006435,0.068461,176.15,-0.0079257,0.048692,7.6434,-0.037259,0.042882,119.26,-0.0070727,0.027921,-132.59,-0.010345,0.036973,-44.352,-0.0032331,0.056387,-130.08,-0.015008,0.072643,-97.426
18,1002.9,0.408,0.00027744,0.00136,3,24,3.2039,0.017109,0.01068,2.796,0.013029,0.267,104.21,6,trajectory,0.041077,1,0.13653,2.796,1,running,0.023546,0.036086,0.43684,0.006435,0.068461,176.15,-0.0079257,0.048692,7.6434,-0.037259,0.042882,119.26,-0.0070727,0.027921,-132.59,-0.010345,0.036973,-44.352,-0.0032331,0.056387,-130.08,-0.015008,0.072643,-97.426
19,1003,0.504,0.00042336,0.00168,3,24,3.2039,0.017109,0.01068,2.7,0.01215,0.25783,104.21,6,trajectory,0.041077,1,0.13434,2.7,1,running,0.023546,0.036086,0.43684,0.006435,0.068461,176.15,-0.0079257,0.048692,7.6434,-0.037259,0.042882,119.26,-0.0070727,0.027921,-132.59,-0.010345,0.036973,-44.352,-0.0032331,0.056387,-130.08,-0.015008,0.072643,-97.426
20,1003.2,0.6,0.0006,0.002,3,24,3.2039,0.017109,0.01068,2.604,0.011301,0.24866,104.21,6,trajectory,0.041077,1,0.13468,2.604,1,running,0.023546,0.036086,0.43684,0.006435,0.068461,176.15,-0.0079257,0.048692,7.6434,-0.037259,0.042882,119.26,-0.0070727,0.027921,-132.59,-0.010345,0.036973,-44.352,-0.0032331,0.056387,-130.08,-0.015008,0.072643,-97.426
21,1003.4,0.696,0.00080736,0.00232,3,24,3.2039,0.017109,0.01068,2.508,0.010483,0.2395,104.21,6,trajectory,0.041077,1,0.13458,2.508,1,running,0.023546,0.036086,0.43684,0.006435,0.068461,176.15,-0.0079257,0.048692,7.6434,-0.037259,0.042882,119.26,-0.0070727,0.027921,-132.59,-0.010345,0.036973,-44.352,-0.0032331,0.056387,-130.08,-0.015008,0.072643,-97.426
22,1003.5,0.792,0.0010454,0.00264,3,24,3.2039,0.017109,0.01068,2.412,0.0096962,0.23033,104.21,6,trajectory,0.041077,1,0.13542,2.412,1,running,0.023546,0.036086,0.43684,0.006435,0.068461,176.15,-0.0079257,0.048692,7.6434,-0.037259,0.042882,119.26,-0.0070727,0.027921,-132.59,-0.010345,0.036973,-44.352,-0.0032331,0.056387,-130.08,-0.015008,0.072643,-97.426
23,1003.7,0.876,0.001279,0.00292,4,24,4.2839,0.030587,0.01428,3.4079,0.019357,0.32544,104.21,6,trajectory,0.041077,1,0.13599,2.328,1,running,0.023546,0.036086,0.43684,0.006435,0.068461,176.15,-0.0079257,0.048692,7.6434,-0.037259,0.042882,119.26,-0.0070727,0.027921,-132.59,-0.010345,0.036973,-44.352,-0.0032331,0.056387,-130.08,-0.015008,0.072643,-97.426
24,1003.8,0.984,0.0016138,0.00328,4,24,4.2839,0.030587,0.01428,3.2999,0.01815,0.31513,104.21,6,trajectory,0.041077,1,0.13575,3.3,1,running,0.023546,0.036086,0.43684,0.006435,0.068461,176.15,-0.0079257,0.048692,7.6434,-0.037259,0.042882,119.26,-0.0070727,0.027921,-132.59,-0.010345,0.036973,-44.352,-0.0032331,0.056387,-130.08,-0.015008,0.072643,-97.426
25,1004,1.08,0.001944,0.0036,4,24,4.2839,0.030587,0.01428,3.2039,0.017109,0.30596,104.21,6,trajectory,0.041077,1,0.13756,3.204,1,running,0.023546,0.036086,0.43684,0.006435,0.068461,176.15,-0.0079257,0.048692,7.6434,-0.037259,0.042882,119.26,-0.0070727,0.027921,-132.59,-0.010345,0.036973,-44.352,-0.0032331,0.056387,-130.08,-0.015008,0.072643,-97.426
26,1004.2,1.188,0.0023522,0.00396,4,24,4.2839,0.030587,0.01428,3.0959,0.015975,0.29565,104.21,6,trajectory,0.041077,1,0.13669,3.096,1,running,0.023546,0.036086,0.43684,0.006435,0.068461,176.15,-0.0079257,0.048692,7.6434,-0.037259,0.042882,119.26,-0.0070727,0.027921,-132.59,-0.010345,0.036973,-44.352,-0.0032331,0.056387,-130.08,-0.015008,0.072643,-97.426
27,1004.3,1.284,0.0027478,0.00428,4,24,4.2839,0.030587,0.01428,3,0.015,0.28648,104.21,6,trajectory,0.041077,1,0.14033,3,1,running,0.023546,0.036086,0.43684,0.006435,0.068461,176.15,-0.0079257,0.048692,7.6434,-0.037259,0.042882,119.26,-0.0070727,0.027921,-132.59,-0.010345,0.036973,-44.352,-0.0032331,0.056387,-130.08,-0.015008,0.072643,-97.426
28,1004.5,1.38,0.003174,0.0046,4,24,4.2839,0.030587,0.01428,2.904,0.014055,0.27731,104.21,6,trajectory,0.041077,1,0.14116,2.904,1,running,0.023546,0.036086,0.43684,0.006435,0.068461,176.15,-0.0079257,0.048692,7.6434,-0.037259,0.042882,119.26,-0.0070727,0.027921,-132.59,-0.010345,0.036973,-44.352,-0.0032331,0.056387,-130.08,-0.015008,0.072643,-97.426
29,1004.7,1.488,0.0036902,0.00496,4,24,4.2839,0.030587,0.01428,2.796,0.013029,0.267,104.21,6,trajectory,0.041077,1,0.14188,2.796,1,running,0.023546,0.036086,0.43683,0.006435,0.068461,176.15,-0.0079257,0.048692,7.6434,-0.037259,0.042882,119.26,-0.0070727,0.027921,-132.59,-0.010345,0.036973,-44.352,-0.0032331,0.056387,-130.08,-0.015008,0.072643,-97.426
30,1004.8,1.584,0.0041818,0.00528,4,24,4.2839,0.030587,0.01428,2.7,0.01215,0.25783,104.21,6,trajectory,0.041077,1,0.1438,2.7,1,running,0.023546,0.036086,0.43683,0.006435,0.068461,176.15,-0.0079257,0.048692,7.6434,-0.037259,0.042882,119.26,-0.0070727,0.027921,-132.59,-0.010345,0.036973,-44.352,-0.0032331,0.056387,-130.08,-0.015008,0.072643,-97.426
31,1005,1.692,0.0047714,0.00564,4,24,4.2839,0.030587,0.01428,2.592,0.011197,0.24752,104.21,6,trajectory,0.041077,1,0.15218,2.592,1,running,0.023546,0.036086,0.43684,0.006435,0.068461,176.15,-0.0079257,0.048692,7.6434,-0.037259,0.042882,119.26,-0.0070727,0.027921,-132.59,-0.010345,0.036973,-44.352,-0.0032331,0.056387,-130.08,-0.015008,0.072643,-97.426
32,1005.2,1.8,0.0054,0.006,4,24,4.2839,0.030587,0.01428,2.484,0.010284,0.2372,104.21,6,trajectory,0.041077,1,0.15314,2.484,1,running,0.023546,0.036086,0.43684,0.006435,0.068461,176.15,-0.0079257,0.048692,7.6434,-0.037259,0.042882,119.26,-0.0070727,0.027921,-132.59,-0.010345,0.036973,-44.352,-0.0032331,0.056387,-130.08,-0.015008,0.072643,-97.426
33,1005.4,1.908,0.0060674,0.00636,5,24,5.3637,0.047953,0.01788,3.4559,0.019906,0.33002,104.21,6,trajectory,0.041077,1,0.15099,2.376,1,running,0.023546,0.036086,0.43684,0.006435,0.068461,176.15,-0.0079257,0.048692,7.6434,-0.037259,0.042882,119.26,-0.0070727,0.027921,-132.59,-0.010345,0.036973,-44.352,-0.0032331,0.056387,-130.08,-0.015008,0.072643,-97.426
34,1005.6,2.004,0.0066933,0.00668,5,24,5.3637,0.047953,0.01788,3.3599,0.018816,0.32086,104.21,6,trajectory,0.041077,1,0.14823,3.36,1,running,0.023546,0.036086,0.43684,0.006435,0.068461,176.15,-0.0079257,0.048692,7.6434,-0.037259,0.042882,119.26,-0.0070727,0.027921,-132.59,-0.010345,0.036973,-44.352,-0.0032331,0.056387,-130.08,-0.015008,0.072643,-97.426
35,1005.8,2.136,0.0076041,0.00712,5,24,5.3637,0.047953,0.01788,3.2279,0.017366,0.30825,104.21,6,trajectory,0.041077,1,0.17404,3.228,1,running,0.023546,0.036086,0.43684,0.006435,0.068461,176.15,-0.0079257,0.048692,7.6434,-0.037259,0.042882,119.26,-0.0070727,0.027921,-132.59,-0.010345,0.036973,-44.352,-0.0032331,0.056387,-130.08,-0.015008,0.072643,-97.426
36,1006,2.256,0.0084825,0.00752,5,24,5.3637,0.047953,0.01788,3.1079,0.016099,0.29679,104.21,6,trajectory,0.041077,1,0.14425,3.108,1,running,0.023546,0.036086,0.43684,0.006435,0.068461,176.15,-0.0079257,0.048692,7.6434,-0.037259,0.042882,119.26,-0.0070727,0.027921,-132.59,-0.010345,0.036973,-44.352,-0.0032331,0.056387,-130.08,-0.015008,0.072643,-97.426
37,1006.1,2.352,0.0092198,0.00784,5,24,5.3637,0.047953,0.01788,3.0119,0.01512,0.28762,104.21,6,trajectory,0.041077,1,0.14348,3.012,1,running,0.023546,0.036086,0.43684,0.006435,0.068461,176.15,-0.0079257,0.048692,7.6434,-0.037259,0.042882,119.26,-0.0070727,0.027921,-132.59,-0.010345,0.036973,-44.352,-0.0032331,0.056387,-130.08,-0.015008,0.072643,-97.426
38,1006.3,2.46,0.010086,0.0082,5,24,5.3637,0.047953,0.01788,2.904,0.014055,0.27731,104.21,6,trajectory,0.041077,1,0.1409,2.904,1,running,0.023546,0.036086,0.43684,0.006435,0.068461,176.15,-0.0079257,0.048692,7.6434,-0.037259,0.042882,119.26,-0.0070727,0.027921,-132.59,-0.010345,0.036973,-44.352,-0.0032331,0.056387,-130.08,-0.015008,0.072643,-97.426
39,1006.5,2.556,0.010888,0.00852,5,24,5.3637,0.047953,0.01788,2.808,0.013141,0.26814,104.21,6,trajectory,0.041077,1,0.13838,2.808,1,running,0.023546,0.036086,0.43683,0.006435,0.068461,176.15,-0.0079257,0.048692,7.6434,-0.037259,0.042882,119.26,-0.0070727,0.027921,-132.59,-0.010345,0.036973,-44.352,-0.0032331,0.056387,-130.08,-0.015008,0.072643,-97.426
40,1006.6,2.664,0.011828,0.00888,5,24,5.3637,0.047953,0.01788,2.7,0.01215,0.25783,104.21,6,trajectory,0.041077,1,0.13789,2.7,1,running,0.023546,0.036086,0.43684,0.006435,0.068461,176.15,-0.0079257,0.048692,7.6434,-0.037259,0.042882,119.26,-0.0070727,0.027921,-132.59,-0.010345,0.036973,-44.352,-0.0032331,0.056387,-130.08,-0.015008,0.072643,-97.426
41,1006.8,2.76,0.012696,0.0092,5,24,5.3637,0.047953,0.01788,2.604,0.011301,0.24866,104.21,6,trajectory,0.041077,1,0.13874,2.604,1,running,0.023546,0.036086,0.43684,0.006435,0.068461,176.15,-0.0079257,0.048692,7.6434,-0.037259,0.042882,119.26,-0.0070727,0.027921,-132.59,-0.010345,0.036973,-44.352,-0.0032331,0.056387,-130.08,-0.015008,0.072643,-97.426
42,1007,2.856,0.013594,0.00952,5,24,5.3637,0.047953,0.01788,2.508,0.010483,0.2395,104.21,6,trajectory,0.041077,1,0.13856,2.508,1,running,0.023546,0.036086,0.43684,0.006435,0.068461,176.15,-0.0079257,0.048692,7.6434,-0.037259,0.042882,119.26,-0.0070727,0.027921,-132.59,-0.010345,0.036973,-44.352,-0.0032331,0.056387,-130.08,-0.015008,0.072643,-97.426
43,1007.1,2.952,0.014524,0.00984,5,24,5.3637,0.047953,0.01788,2.412,0.0096962,0.23033,104.21,6,trajectory,0.041077,1,0.13889,2.412,1,running,0.023546,0.036086,0.43684,0.006435,0.068461,176.15,-0.0079257,0.048692,7.6434,-0.037259,0.042882,119.26,-0.0070727,0.027921,-132.59,-0.010345,0.036973,-44.352,-0.0032331,0.056387,-130.08,-0.015008,0.072643,-97.426
44,1007.3,3.0479,0.015484,0.01016,6,24,6.4435,0.069206,0.02148,3.3959,0.019221,0.32429,104.21,6,trajectory,0.041077,1,0.13817,2.316,1,running,0.023546,0.036086,0.43683,0.006435,0.068461,176.15,-0.0079257,0.048692,7.6434,-0.037259,0.042882,119.26,-0.0070727,0.027921,-132.59,-0.010345,0.036973,-44.352,-0.0032331,0.056387,-130.08,-0.015008,0.072643,-97.426
45,1007.5,3.1559,0.0166,0.01052,6,24,6.4435,0.069206,0.02148,3.2879,0.018018,0.31398,104.21,6,trajectory,0.041077,1,0.1384,3.288,1,running,0.023546,0.036086,0.43683,0.006435,0.068461,176.15,-0.0079257,0.048692,7.6434,-0.037259,0.042882,119.26,-0.0070727,0.027921,-132.59,-0.010345,0.036973,-44.352,-0.0032331,0.056387,-130.08,-0.015008,0.072643,-97.426
46,1007.6,3.2639,0.017756,0.01088,6,24,6.4435,0.069206,0.02148,3.1799,0.016854,0.30367,104.21,6,trajectory,0.041077,1,0.13795,3.18,1,running,0.023546,0.036086,0.43683,0.006435,0.068461,176.15,-0.0079257,0.048692,7.6434,-0.037259,0.042882,119.26,-0.0070727,0.027921,-132.59,-0.010345,0.036973,-44.352,-0.0032331,0.056387,-130.08,-0.015008,0.072643,-97.426
47,1007.8,3.3599,0.018816,0.0112,6,24,6.4435,0.069206,0.02148,3.0839,0.015852,0.2945,104.21,6,trajectory,0.041077,1,0.14881,3.084,1,running,0.023546,0.036086,0.43683,0.006435,0.068461,176.15,-0.0079257,0.048692,7.6434,-0.037259,0.042882,119.26,-0.0070727,0.027921,-132.59,-0.010345,0.036973,-44.352,-0.0032331,0.056387,-130.08,-0.015008,0.072643,-97.426
48,1008,3.4679,0.020045,0.01156,6,24,6.4435,0.069206,0.02148,2.976,0.014761,0.28419,104.21,6,trajectory,0.041077,1,0.14824,2.976,1,running,0.023546,0.036086,0.43684,0.006435,0.068461,176.15,-0.0079257,0.048692,7.6434,-0.037259,0.042882,119.26,-0.0070727,0.027921,-132.59,-0.010345,0.036973,-44.352,-0.0032331,0.056387,-130.08,-0.015008,0.072643,-97.426
49,1008.2,3.5759,0.021313,0.01192,6,24,6.4435,0.069206,0.02148,2.868,0.013709,0.27387,104.21,6,trajectory,0.041077,1,0.15056,2.868,1,running,0.023546,0.036086,0.43684,0.006435,0.068461,176.15,-0.0079257,0.048692,7.6434,-0.037259,0.042882,119.26,-0.0070727,0.027921,-132.59,-0.010345,0.036973,-44.352,-0.0032331,0.056387,-130.08,-0.015008,0.072643,-97.426
50,1008.3,3.6839,0.022619,0.01228,6,24,6.4435,0.069206,0.02148,2.76,0.012696,0.26356,104.21,6,trajectory,0.041077,1,0.16987,2.76,1,running,0.023546,0.036086,0.43684,0.006435,0.068461,176.15,-0.0079257,0.048692,7.6434,-0.037259,0.042882,119.26,-0.0070727,0.027921,-132.59,-0.010345,0.036973,-44.352,-0.0032331,0.056387,-130.08,-0.015008,0.072643,-97.426
51,1008.5,3.8039,0.024117,0.01268,6,24,6.4435,0.069206,0.02148,2.64,0.011616,0.2521,104.21,6,trajectory,0.041077,1,0.14024,2.64,1,running,0.023546,0.036086,0.43683,0.006435,0.068461,176.15,-0.0079257,0.048692,7.6434,-0.037259,0.042882,119.26,-0.0070727,0.027921,-132.59,-0.010345,0.036973,-44.352,-0.0032331,0.056387,-130.08,-0.015008,0.072643,-97.426
52,1008.7,3.8999,0.02535,0.013,6,24,6.4435,0.069206,0.02148,2.544,0.010786,0.24293,104.21,6,trajectory,0.041077,1,0.14643,2.544,1,running,0.023546,0.036086,0.43684,0.006435,0.068461,176.15,-0.0079257,0.048692,7.6434,-0.037259,0.042882,119.26,-0.0070727,0.027921,-132.59,-0.010345,0.036973,-44.352,-0.0032331,0.056387,-130.08,-0.015008,0.072643,-97.426
53,1008.9,4.0079,0.026773,0.01336,6,24,6.4435,0.069206,0.02148,2.436,0.0098901,0.23262,104.21,6,trajectory,0.041077,1,0.13685,2.436,1,running,0.023546,0.036086,0.43684,0.006435,0.068461,176.15,-0.0079257,0.048692,7.6434,-0.037259,0.042882,119.26,-0.0070727,0.027921,-132.59,-0.010345,0.036973,-44.352,-0.0032331,0.056387,-130.08,-0.015008,0.072643,-97.426
54,1009,4.1039,0.028071,0.01368,7,24,7.4382,0.19515,0.37631,3.3363,0.12145,2.0848,104.21,6,trajectory,0.041077,1,0.13896,2.34,1,running,0.023546,0.036086,0.43684,0.006435,0.068461,176.15,-0.0079257,0.048692,7.6434,-0.037259,0.042882,119.26,-0.0070727,0.027921,-132.59,-0.010345,0.036973,-44.352,-0.0032331,0.056387,-130.08,-0.015008,0.072643,-97.426
55,1009.2,4.1999,0.0294,0.014,7,24,7.4382,0.19515,0.37631,3.2403,0.1204,2.1279,104.21,6,trajectory,0.041077,1,0.13868,3.2425,1,running,0.023546,0.036086,0.43684,0.006435,0.068461,176.15,-0.0079257,0.048692,7.6434,-0.037259,0.042882,119.26,-0.0070727,0.027921,-132.59,-0.010345,0.036973,-44.352,-0.0032331,0.056387,-130.08,-0.015008,0.072643,-97.426
56,1009.4,4.3079,0.030931,0.01436,7,24,7.4382,0.19515,0.37631,3.1323,0.11925,2.1802,104.21,6,trajectory,0.041077,1,0.13607,3.1346,1,running,0.023546,0.036086,0.43684,0.006435,0.068461,176.15,-0.0079257,0.048692,7.6434,-0.037259,0.042882,119.26,-0.0070727,0.027921,-132.59,-0.010345,0.036973,-44.352,-0.0032331,0.056387,-130.08,-0.015008,0.072643,-97.426
57,1009.6,4.4038,0.032325,0.01468,7,24,7.4382,0.19515,0.37631,3.0364,0.11826,2.2305,104.21,6,trajectory,0.041077,1,0.1366,3.0387,1,running,0.023546,0.036086,0.43684,0.006435,0.068461,176.15,-0.0079257,0.048692,7.6434,-0.037259,0.042882,119.26,-0.0070727,0.027921,-132.59,-0.010345,0.036973,-44.352,-0.0032331,0.056387,-130.08,-0.015008,0.072643,-97.426
58,1009.7,4.4998,0.033749,0.015,7,24,7.4382,0.19515,0.37631,2.9404,0.11731,2.2846,104.21,6,trajectory,0.041077,1,0.13405,2.9428,1,running,0.023546,0.036086,0.43684,0.006435,0.068461,176.15,-0.0079257,0.048692,7.6434,-0.037259,0.042882,119.26,-0.0070727,0.027921,-132.59,-0.010345,0.036973,-44.352,-0.0032331,0.056387,-130.08,-0.015008,0.072643,-97.426
59,1009.9,4.5958,0.035205,0.01532,7,24,7.4382,0.19515,0.37631,2.8445,0.11638,2.3429,104.21,6,trajectory,0.041077,1,0.14977,2.8468,1,running,0.023546,0.036086,0.43684,0.006435,0.068461,176.15,-0.0079257,0.048692,7.6434,-0.037259,0.042882,119.26,-0.0070727,0.027921,-132.59,-0.010345,0.036973,-44.352,-0.0032331,0.056387,-130.08,-0.015008,0.072643,-97.426
60,1010,4.7038,0.036879,0.01568,7,24,7.4382,0.19515,0.37631,2.7365,0.11538,2.4143,104.21,6,trajectory,0.041077,1,0.14497,2.7389,1,running,0.023546,0.036086,0.43684,0.006435,0.068461,176.15,-0.0079257,0.048692,7.6434,-0.037259,0.042882,119.26,-0.0070727,0.027921,-132.59,-0.010345,0.036973,-44.352,-0.0032331,0.056387,-130.08,-0.015008,0.072643,-97.426
61,1010.2,4.8118,0.038591,0.01604,7,24,7.4382,0.19515,0.37631,2.6285,0.11441,2.4923,104.21,6,trajectory,0.041077,1,0.13799,2.631,1,running,0.023546,0.036086,0.43684,0.006435,0.068461,176.15,-0.0079257,0.048692,7.6434,-0.037259,0.042882,119.26,-0.0070727,0.027921,-132.59,-0.010345,0.036973,-44.352,-0.0032331,0.056387,-130.08,-0.015008,0.072643,-97.426
62,1010.4,4.9078,0.040147,0.01636,7,24,7.4382,0.19515,0.37631,2.5326,0.11358,2.568,104.21,6,trajectory,0.041077,1,0.13728,2.5351,1,running,0.023546,0.036086,0.43683,0.006435,0.068461,176.15,-0.0079257,0.048692,7.6434,-0.037259,0.042882,119.26,-0.0070727,0.027921,-132.59,-0.010345,0.036973,-44.352,-0.0032331,0.056387,-130.08,-0.015008,0.072643,-97.426
63,1010.5,5.0038,0.041732,0.01668,7,24,7.4382,0.19515,0.37631,2.4366,0.11279,2.6503,104.21,6,trajectory,0.041077,1,0.13577,2.4392,1,running,0.023546,0.036086,0.43684,0.006435,0.068461,176.15,-0.0079257,0.048692,7.6434,-0.037259,0.042882,119.26,-0.0070727,0.027921,-132.59,-0.010345,0.036973,-44.352,-0.0032331,0.056387,-130.08,-0.015008,0.072643,-97.426
64,1010.7,5.0998,0.043349,0.017,8,24,8.1293,0.88577,1.2068,3.0434,0.79079,14.565,104.21,6,trajectory,0.041077,1,0.13553,2.3433,1,running,0.023546,0.036086,0.43683,0.006435,0.068461,176.15,-0.0079257,0.048692,7.6434,-0.037259,0.042882,119.26,-0.0070727,0.027921,-132.59,-0.010345,0.036973,-44.352,-0.0032331,0.056387,-130.08,-0.015008,0.072643,-97.426
65,1010.9,5.1957,0.044996,0.01732,8,24,8.1293,0.88577,1.2068,2.9477,0.78984,15,104.21,6,trajectory,0.041077,1,0.14086,3.0517,1,running,0.023546,0.036086,0.43684,0.006435,0.068461,176.15,-0.0079257,0.048692,7.6434,-0.037259,0.042882,119.26,-0.0070727,0.027921,-132.59,-0.010345,0.036973,-44.352,-0.0032331,0.056387,-130.08,-0.015008,0.072643,-97.426
66,1011,5.3037,0.046886,0.01768,8,24,8.1293,0.88577,1.2068,2.84,0.78879,15.522,104.21,6,trajectory,0.041077,1,0.13848,2.9475,1,running,0.023546,0.036086,0.43683,0.006435,0.068461,176.15,-0.0079257,0.048692,7.6434,-0.037259,0.042882,119.26,-0.0070727,0.027921,-132.59,-0.010345,0.036973,-44.352,-0.0032331,0.056387,-130.08,-0.015008,0.072643,-97.426
67,1011.2,5.3997,0.048599,0.018,8,24,8.1293,0.88577,1.2068,2.7442,0.7879,16.019,104.21,6,trajectory,0.041077,1,0.13678,2.8551,1,running,0.023546,0.036086,0.43684,0.006435,0.068461,176.15,-0.0079257,0.048692,7.6434,-0.037259,0.042882,119.26,-0.0070727,0.027921,-132.59,-0.010345,0.036973,-44.352,-0.0032331,0.056387,-130.08,-0.015008,0.072643,-97.426
68,1011.4,5.4957,0.050342,0.01832,8,24,8.1293,0.88577,1.2068,2.6485,0.78704,16.55,104.21,6,trajectory,0.041077,1,0.14264,2.7629,1,running,0.023546,0.036086,0.43683,0.006435,0.068461,176.15,-0.0079257,0.048692,7.6434,-0.037259,0.042882,119.26,-0.0070727,0.027921,-132.59,-0.010345,0.036973,-44.352,-0.0032331,0.056387,-130.08,-0.015008,0.072643,-97.426
69,1011.5,5.6037,0.05234,0.01868,8,24,8.1293,0.88577,1.2068,2.5408,0.7861,17.192,104.21,6,trajectory,0.041077,1,0.15192,2.6596,1,running,0.023546,0.036086,0.43684,0.006435,0.068461,176.15,-0.0079257,0.048692,7.6434,-0.037259,0.042882,119.26,-0.0070727,0.027921,-132.59,-0.010345,0.036973,-44.352,-0.0032331,0.056387,-130.08,-0.015008,0.072643,-97.426
70,1011.7,5.7117,0.054377,0.01904,8,24,8.1293,0.88577,1.2068,2.433,0.78521,17.886,104.21,6,trajectory,0.041077,1,0.13764,2.5566,1,running,0.023546,0.036086,0.43684,0.006435,0.068461,176.15,-0.0079257,0.048692,7.6434,-0.037259,0.042882,119.26,-0.0070727,0.027921,-132.59,-0.010345,0.036973,-44.352,-0.0032331,0.056387,-130.08,-0.015008,0.072643,-97.426
71,1011.9,5.8076,0.05622,0.01936,8,24,8.1293,0.88577,1.2068,2.3373,0.78445,18.553,104.21,6,trajectory,0.041077,1,0.1367,2.4654,1,running,0.023546,0.036086,0.43684,0.006435,0.068461,176.15,-0.0079257,0.048692,7.6434,-0.037259,0.042882,119.26,-0.0070727,0.027921,-132.59,-0.010345,0.036973,-44.352,-0.0032331,0.056387,-130.08,-0.015008,0.072643,-97.426
72,1012,5.9036,0.058093,0.01968,9,24,8.2082,1.9457,1.6302,2.3413,1.8419,38.192,104.21,6,trajectory,0.041077,1,0.13833,2.3746,1,running,0.023546,0.036086,0.43684,0.006435,0.068461,176.15,-0.0079257,0.048692,7.6434,-0.037259,0.042882,119.26,-0.0070727,0.027921,-132.59,-0.010345,0.036973,-44.352,-0.0032331,0.056387,-130.08,-0.015008,0.072643,-97.426
73,1012.2,5.9996,0.059998,0.02,9,24,8.2082,1.9457,1.6302,2.2459,1.8412,39.345,104.21,6,trajectory,0.041077,1,0.14129,2.9041,1,running,0.023546,0.036086,0.43684,0.006435,0.068461,176.15,-0.0079257,0.048692,7.6434,-0.037259,0.042882,119.26,-0.0070727,0.027921,-132.59,-0.010345,0.036973,-44.352,-0.0032331,0.056387,-130.08,-0.015008,0.072643,-97.426
74,1012.4,6.1076,0.062177,0.02036,9,24,8.2082,1.9457,1.6302,2.1385,1.8404,40.714,104.21,6,trajectory,0.041077,1,0.14912,2.8214,1,running,0.023546,0.036086,0.43684,0.006435,0.068461,176.15,-0.0079257,0.048692,7.6434,-0.037259,0.042882,119.26,-0.0070727,0.027921,-132.59,-0.010345,0.036973,-44.352,-0.0032331,0.056387,-130.08,-0.015008,0.072643,-97.426
75,1012.6,6.2156,0.064395,0.02072,9,24,8.2082,1.9457,1.6302,2.0312,1.8396,42.167,104.21,6,trajectory,0.041077,1,0.14002,2.7404,1,running,0.023546,0.036086,0.43684,0.006435,0.068461,176.15,-0.0079257,0.048692,7.6434,-0.037259,0.042882,119.26,-0.0070727,0.027921,-132.59,-0.010345,0.036973,-44.352,-0.0032331,0.056387,-130.08,-0.015008,0.072643,-97.426
76,1012.7,6.3115,0.0664,0.02104,9,24,8.2082,1.9457,1.6302,1.9358,1.839,43.531,104.21,6,trajectory,0.041077,1,0.13923,2.67,1,running,0.023546,0.036086,0.43684,0.006435,0.068461,176.15,-0.0079257,0.048692,7.6434,-0.037259,0.042882,119.26,-0.0070727,0.027921,-132.59,-0.010345,0.036973,-44.352,-0.0032331,0.056387,-130.08,-0.015008,0.072643,-97.426
77,1012.9,6.4075,0.068435,0.02136,9,24,8.2082,1.9457,1.6302,1.8404,1.8384,44.969,104.21,6,trajectory,0.041077,1,0.14462,2.6013,1,running,0.023546,0.036086,0.43684,0.006435,0.068461,176.15,-0.0079257,0.048692,7.6434,-0.037259,0.042882,119.26,-0.0070727,0.027921,-132.59,-0.010345,0.036973,-44.352,-0.0032331,0.056387,-130.08,-0.015008,0.072643,-97.426
78,1013.1,6.5155,0.070761,0.021753,9,24,8.2082,1.9457,1.6302,1.7331,1.8377,46.677,104.21,6,trajectory,0.041077,1,0.14841,2.526,1,running,0.023546,0.036086,0.43683,0.006435,0.068461,176.15,-0.0079257,0.048692,7.6434,-0.037259,0.042882,119.26,-0.0070727,0.027921,-132.59,-0.010345,0.036973,-44.352,-0.0032331,0.056387,-130.08,-0.015008,0.072643,-97.426
79,1013.2,6.6229,0.073181,0.024202,9,24,8.2082,1.9457,1.6302,1.6302,1.8336,48.362,104.21,6,trajectory,0.041077,1,0.15759,2.4535,1,running,0.023546,0.036086,0.43684,0.006435,0.068461,176.15,-0.0079257,0.048692,7.6434,-0.037259,0.042882,119.26,-0.0070727,0.027921,-132.59,-0.010345,0.036973,-44.352,-0.0032331,0.056387,-130.08,-0.015008,0.072643,-97.426
80,1013.4,6.7286,0.076132,0.03298,10,24,8.1534,3.0173,1.6101,1.521,2.8926,62.264,104.21,6,trajectory,0.041077,1,0.15019,2.3842,1,running,0.023546,0.036086,0.43684,0.006435,0.068461,176.15,-0.0079257,0.048692,7.6434,-0.037259,0.042882,119.26,-0.0070727,0.027921,-132.59,-0.010345,0.036973,-44.352,-0.0032331,0.056387,-130.08,-0.015008,0.072643,-97.426
81,1013.6,6.8313,0.080408,0.052001,10,24,8.1534,3.0173,1.6101,1.4729,2.8642,62.785,104.21,6,trajectory,0.041077,1,0.16102,3.2208,1,running,0.023546,0.036086,0.43684,0.006435,0.068461,176.15,-0.0079257,0.048692,7.6434,-0.037259,0.042882,119.26,-0.0070727,0.027921,-132.59,-0.010345,0.036973,-44.352,-0.0032331,0.056387,-130.08,-0.015008,0.072643,-97.426
82,1013.8,6.9422,0.087838,0.083971,10,24,8.1534,3.0173,1.6101,1.4526,2.8176,62.726,104.21,6,trajectory,0.041077,1,0.15397,3.17,1,running,0.023546,0.036086,0.43684,0.006435,0.068461,176.15,-0.0079257,0.048692,7.6434,-0.037259,0.042882,119.26,-0.0070727,0.027921,-132.59,-0.010345,0.036973,-44.352,-0.0032331,0.056387,-130.08,-0.015008,0.072643,-97.426
83,1014,7.039,0.097756,0.1219,10,24,8.1534,3.0173,1.6101,1.4611,2.7624,62.124,104.21,6,trajectory,0.041077,1,0.14749,3.125,1,running,0.023546,0.036086,0.43684,0.006435,0.068461,176.15,-0.0079257,0.048692,7.6434,-0.037259,0.042882,119.26,-0.0070727,0.027921,-132.59,-0.010345,0.036973,-44.352,-0.0032331,0.056387,-130.08,-0.015008,0.072643,-97.426
84,1014.2,7.1318,0.11127,0.16875,10,24,8.1534,3.0173,1.6101,1.4952,2.6932,60.962,104.21,6,trajectory,0.041077,1,0.14873,3.0804,1,running,0.023546,0.036086,0.43684,0.006435,0.068461,176.15,-0.0079257,0.048692,7.6434,-0.037259,0.042882,119.26,-0.0070727,0.027921,-132.59,-0.010345,0.036973,-44.352,-0.0032331,0.056387,-130.08,-0.015008,0.072643,-97.426
85,1014.3,7.2119,0.12682,0.21558,10,24,8.1534,3.0173,1.6101,1.538,2.6222,59.607,104.21,6,trajectory,0.041077,1,0.15702,3.04,1,running,0.023546,0.036086,0.43684,0.006435,0.068461,176.15,-0.0079257,0.048692,7.6434,-0.037259,0.042882,119.26,-0.0070727,0.027921,-132.59,-0.010345,0.036973,-44.352,-0.0032331,0.056387,-130.08,-0.015008,0.072643,-97.426
86,1014.5,7.2993,0.14856,0.2728,10,24,8.1534,3.0173,1.6101,1.5954,2.5325,57.791,104.21,6,trajectory,0.041077,1,0.14192,2.9932,1,running,0.023546,0.036086,0.43684,0.006435,0.068461,176.15,-0.0079257,0.048692,7.6434,-0.037259,0.042882,119.26,-0.0070727,0.027921,-132.59,-0.010345,0.036973,-44.352,-0.0032331,0.056387,-130.08,-0.015008,0.072643,-97.426
87,1014.7,7.3836,0.17491,0.33394,10,24,8.1534,3.0173,1.6101,1.6589,2.4331,55.713,104.21,6,trajectory,0.041077,1,0.14078,2.9448,1,running,0.023546,0.036086,0.43684,0.006435,0.068461,176.15,-0.0079257,0.048692,7.6434,-0.037259,0.042882,119.26,-0.0070727,0.027921,-132.59,-0.010345,0.036973,-44.352,-0.0032331,0.056387,-130.08,-0.015008,0.072643,-97.426
88,1014.9,7.4559,0.2023,0.39069,10,24,8.1534,3.0173,1.6101,1.717,2.3373,53.699,104.21,6,trajectory,0.041077,1,0.14143,2.9001,1,running,0.023546,0.036086,0.43684,0.006435,0.068461,176.15,-0.0079257,0.048692,7.6434,-0.037259,0.042882,119.26,-0.0070727,0.027921,-132.59,-0.010345,0.036973,-44.352,-0.0032331,0.056387,-130.08,-0.015008,0.072643,-97.426
89,1015,7.5345,0.23773,0.45665,10,24,8.1534,3.0173,1.6101,1.7811,2.2219,51.283,104.21,6,trajectory,0.041077,1,0.14103,2.8476,1,running,0.023546,0.036086,0.43684,0.006435,0.068461,176.15,-0.0079257,0.048692,7.6434,-0.037259,0.042882,119.26,-0.0070727,0.027921,-132.59,-0.010345,0.036973,-44.352,-0.0032331,0.056387,-130.08,-0.015008,0.072643,-97.426
90,1015.2,7.6021,0.27348,0.51678,10,24,8.1534,3.0173,1.6101,1.835,2.1131,49.03,104.21,6,trajectory,0.041077,1,0.13991,2.7987,1,running,0.023546,0.036086,0.43684,0.006435,0.068461,176.15,-0.0079257,0.048692,7.6434,-0.037259,0.042882,119.26,-0.0070727,0.027921,-132.59,-0.010345,0.036973,-44.352,-0.0032331,0.056387,-130.08,-0.015008,0.072643,-97.426
91,1015.4,7.6668,0.31293,0.57793,10,24,8.1534,3.0173,1.6101,1.8849,1.9994,46.688,104.21,6,trajectory,0.041077,1,0.13839,2.7478,1,running,0.023546,0.036086,0.43684,0.006435,0.068461,176.15,-0.0079257,0.048692,7.6434,-0.037259,0.042882,119.26,-0.0070727,0.027921,-132.59,-0.010345,0.036973,-44.352,-0.0032331,0.056387,-130.08,-0.015008,0.072643,-97.426
92,1015.5,7.7359,0.36145,0.64749,10,24,8.1534,3.0173,1.6101,1.935,1.8665,43.967,104.21,6,trajectory,0.041077,1,0.1389,2.6885,1,running,0.023546,0.036086,0.43684,0.006435,0.068461,176.15,-0.0079257,0.048692,7.6434,-0.037259,0.042882,119.26,-0.0070727,0.027921,-132.59,-0.010345,0.036973,-44.352,-0.0032331,0.056387,-130.08,-0.015008,0.072643,-97.426
93,1015.7,7.7946,0.40882,0.71025,10,24,8.1534,3.0173,1.6101,1.9728,1.7438,41.474,104.21,6,trajectory,0.041077,1,0.13879,2.6331,1,running,0.023546,0.036086,0.43684,0.006435,0.068461,176.15,-0.0079257,0.048692,7.6434,-0.037259,0.042882,119.26,-0.0070727,0.027921,-132.59,-0.010345,0.036973,-44.352,-0.0032331,0.056387,-130.08,-0.015008,0.072643,-97.426
94,1015.9,7.8498,0.45942,0.77318,10,24,8.1534,3.0173,1.6101,2.0037,1.6186,38.932,104.21,6,trajectory,0.041077,1,0.13808,2.5758,1,running,0.023546,0.036086,0.43683,0.006435,0.068461,176.15,-0.0079257,0.048692,7.6434,-0.037259,0.042882,119.26,-0.0070727,0.027921,-132.59,-0.010345,0.036973,-44.352,-0.0032331,0.056387,-130.08,-0.015008,0.072643,-97.426
95,1016,7.9016,0.51323,0.83629,10,24,8.1534,3.0173,1.6101,2.0272,1.4914,36.342,104.21,6,trajectory,0.041077,1,0.13841,2.5167,1,running,0.023546,0.036086,0.43684,0.006435,0.068461,176.15,-0.0079257,0.048692,7.6434,-0.037259,0.042882,119.26,-0.0070727,0.027921,-132.59,-0.010345,0.036973,-44.352,-0.0032331,0.056387,-130.08,-0.015008,0.072643,-97.426
96,1016.2,7.9556,0.5775,0.90743,10,24,8.1534,3.0173,1.6101,2.0442,1.3465,33.373,104.21,6,trajectory,0.041077,1,0.14633,2.4478,1,running,0.023546,0.036086,0.43684,0.006435,0.068461,176.15,-0.0079257,0.048692,7.6434,-0.037259,0.042882,119.26,-0.0070727,0.027921,-132.59,-0.010345,0.036973,-44.352,-0.0032331,0.056387,-130.08,-0.015008,0.072643,-97.426
97,1016.3,7.9998,0.63786,0.97081,11,24,8.0973,4.0656,1.7128,2.8841,1.8549,32.747,104.21,6,trajectory,0.041077,1,0.16538,2.3844,1,running,0.023546,0.036086,0.43683,0.006435,0.068461,176.15,-0.0079257,0.048692,7.6434,-0.037259,0.042882,119.26,-0.0070727,0.027921,-132.59,-0.010345,0.036973,-44.352,-0.0032331,0.056387,-130.08,-0.015008,0.072643,-97.426
98,1016.5,8.0492,0.71664,1.0496,11,24,8.0973,4.0656,1.7128,2.9282,1.6257,29.039,104.21,6,trajectory,0.041077,1,0.14074,3.3493,1,running,0.023546,0.036086,0.43684,0.006435,0.068461,176.15,-0.0079257,0.048692,7.6434,-0.037259,0.042882,119.26,-0.0070727,0.027921,-132.59,-0.010345,0.036973,-44.352,-0.0032331,0.056387,-130.08,-0.015008,0.072643,-97.426
99,1016.7,8.0926,0.7997,1.1287,11,24,8.0973,4.0656,1.7128,2.9539,1.393,25.247,104.21,6,trajectory,0.041077,1,0.14916,3.2659,1,running,0.023546,0.036086,0.43684,0.006435,0.068461,176.15,-0.0079257,0.048692,7.6434,-0.037259,0.042882,119.26,-0.0070727,0.027921,-132.59,-0.010345,0.036973,-44.352,-0.0032331,0.056387,-130.08,-0.015008,0.072643,-97.426
100,1016.9,8.126,0.87706,1.1992,11,24,8.0973,4.0656,1.7128,2.9604,1.1846,21.808,104.21,6,trajectory,0.041077,1,0.14294,3.1886,1,running,0.023546,0.036086,0.43684,0.006435,0.068461,176.15,-0.0079257,0.048692,7.6434,-0.037259,0.042882,119.26,-0.0070727,0.027921,-132.59,-0.010345,0.036973,-44.352,-0.0032331,0.056387,-130.08,-0.015008,0.072643,-97.426
101,1017.1,8.1512,0.94837,1.2605,11,24,8.0973,4.0656,1.7128,2.9519,1.0031,18.768,104.21,6,trajectory,0.041077,1,0.14414,3.1177,1,running,0.023546,0.036086,0.43684,0.006435,0.068461,176.15,-0.0079257,0.048692,7.6434,-0.037259,0.042882,119.26,-0.0070727,0.027921,-132.59,-0.010345,0.036973,-44.352,-0.0032331,0.056387,-130.08,-0.015008,0.072643,-97.426
102,1017.3,8.1725,1.0222,1.3194,11,24,8.0973,4.0656,1.7128,2.929,0.82982,15.818,104.21,6,trajectory,0.041077,1,0.1467,3.0443,1,running,0.023546,0.036086,0.43684,0.006435,0.068461,176.15,-0.0079257,0.048692,7.6434,-0.037259,0.042882,119.26,-0.0070727,0.027921,-132.59,-0.010345,0.036973,-44.352,-0.0032331,0.056387,-130.08,-0.015008,0.072643,-97.426
103,1017.4,8.1918,1.1083,1.3805,11,24,8.0973,4.0656,1.7128,2.886,0.65215,12.733,104.21,6,trajectory,0.041077,1,0.14136,2.9588,1,running,0.023546,0.036086,0.43684,0.006435,0.068461,176.15,-0.0079257,0.048692,7.6434,-0.037259,0.042882,119.26,-0.0070727,0.027921,-132.59,-0.010345,0.036973,-44.352,-0.0032331,0.056387,-130.08,-0.015008,0.072643,-97.426
104,1017.6,8.205,1.1877,1.4311,11,24,8.0973,4.0656,1.7128,2.8349,0.50721,10.144,104.21,6,trajectory,0.041077,1,0.14096,2.8799,1,running,0.023546,0.036086,0.43684,0.006435,0.068461,176.15,-0.0079257,0.048692,7.6434,-0.037259,0.042882,119.26,-0.0070727,0.027921,-132.59,-0.010345,0.036973,-44.352,-0.0032331,0.056387,-130.08,-0.015008,0.072643,-97.426
105,1017.8,8.2155,1.2799,1.4814,11,24,8.0973,4.0656,1.7128,2.764,0.36644,7.552,104.21,6,trajectory,0.041077,1,0.14031,2.7882,1,running,0.023546,0.036086,0.43684,0.006435,0.068461,176.15,-0.0079257,0.048692,7.6434,-0.037259,0.042882,119.26,-0.0070727,0.027921,-132.59,-0.010345,0.036973,-44.352,-0.0032331,0.056387,-130.08,-0.015008,0.072643,-97.426
106,1017.9,8.2214,1.3644,1.5197,11,24,8.0973,4.0656,1.7128,2.6912,0.26182,5.5566,104.21,6,trajectory,0.041077,1,0.13888,2.704,1,running,0.023546,0.036086,0.43684,0.006435,0.068461,176.15,-0.0079257,0.048692,7.6434,-0.037259,0.042882,119.26,-0.0070727,0.027921,-132.59,-0.010345,0.036973,-44.352,-0.0032331,0.056387,-130.08,-0.015008,0.072643,-97.426
107,1018.1,8.2244,1.4512,1.5518,11,24,8.0973,4.0656,1.7128,2.6115,0.17673,3.8716,104.21,6,trajectory,0.041077,1,0.13983,2.6175,1,running,0.023546,0.036086,0.43683,0.006435,0.068461,176.15,-0.0079257,0.048692,7.6434,-0.037259,0.042882,119.26,-0.0070727,0.027921,-132.59,-0.010345,0.036973,-44.352,-0.0032331,0.056387,-130.08,-0.015008,0.072643,-97.426
108,1018.3,8.2248,1.5511,1.5806,11,24,8.0973,4.0656,1.7128,2.5156,0.10274,2.3389,104.21,6,trajectory,0.041077,1,0.13984,2.5177,1,running,0.023546,0.036086,0.43684,0.006435,0.068461,176.15,-0.0079258,0.048692,7.6434,-0.037259,0.042882,119.26,-0.0070727,0.027921,-132.59,-0.010345,0.036973,-44.352,-0.0032331,0.056387,-130.08,-0.015008,0.072643,-97.426
109,1018.4,8.2229,1.6418,1.6003,11,24,8.0973,4.0656,1.7128,2.4264,0.054065,1.2764,104.21,6,trajectory,0.041077,1,0.14048,2.427,1,running,0.023546,0.036086,0.43684,0.006435,0.068461,176.15,-0.0079257,0.048692,7.6434,-0.037259,0.042882,119.26,-0.0070727,0.027921,-132.59,-0.010345,0.036973,-44.352,-0.0032331,0.056387,-130.08,-0.015008,0.072643,-97.426
110,1018.6,8.219,1.7455,1.6163,12,24,7.5982,4.9707,2.5006,3.2501,0.47344,8.2879,104.21,6,trajectory,0.041077,1,0.14496,2.3232,1,running,0.023546,0.036086,0.43684,0.006435,0.068461,176.15,-0.0079257,0.048692,7.6434,-0.037259,0.042882,119.26,-0.0070727,0.027921,-132.59,-0.010345,0.036973,-44.352,-0.0032331,0.056387,-130.08,-0.015008,0.072643,-97.426
111,1018.8,8.2143,1.8392,1.6249,12,24,7.5982,4.9707,2.5006,3.1603,0.44583,8.0298,104.21,6,trajectory,0.041077,1,0.17578,3.1916,1,running,0.023546,0.036086,0.43684,0.006435,0.068461,176.15,-0.0079257,0.048692,7.6434,-0.037259,0.042882,119.26,-0.0070727,0.027921,-132.59,-0.010345,0.036973,-44.352,-0.0032331,0.056387,-130.08,-0.015008,0.072643,-97.426
112,1019,8.2061,1.9814,1.6311,12,24,7.5982,4.9707,2.5006,3.0205,0.42663,8.0395,104.21,6,trajectory,0.041077,1,0.13854,3.0505,1,running,0.023546,0.036086,0.43684,0.006435,0.068461,176.15,-0.0079257,0.048692,7.6434,-0.037259,0.042882,119.26,-0.0070727,0.027921,-132.59,-0.010345,0.036973,-44.352,-0.0032331,0.056387,-130.08,-0.015008,0.072643,-97.426
113,1019.2,8.2002,2.077,1.6319,12,24,7.5982,4.9707,2.5006,2.9251,0.42426,8.2528,104.21,6,trajectory,0.041077,1,0.13749,2.9557,1,running,0.023546,0.036086,0.43684,0.006435,0.068461,176.15,-0.0079257,0.048692,7.6434,-0.037259,0.042882,119.26,-0.0070727,0.027921,-132.59,-0.010345,0.036973,-44.352,-0.0032331,0.056387,-130.08,-0.015008,0.072643,-97.426
114,1019.3,8.1944,2.1725,1.6308,12,24,7.5982,4.9707,2.5006,2.829,0.42735,8.5903,104.21,6,trajectory,0.041077,1,0.13933,2.8611,1,running,0.023546,0.036086,0.43684,0.006435,0.068461,176.15,-0.0079257,0.048692,7.6434,-0.037259,0.042882,119.26,-0.0070727,0.027921,-132.59,-0.010345,0.036973,-44.352,-0.0032331,0.056387,-130.08,-0.015008,0.072643,-97.426
115,1019.5,8.1881,2.2796,1.6283,12,24,7.5982,4.9707,2.5006,2.7206,0.43439,9.0716,104.21,6,trajectory,0.041077,1,0.14295,2.7551,1,running,0.023546,0.036086,0.43684,0.006435,0.068461,176.15,-0.0079257,0.048692,7.6434,-0.037259,0.042882,119.26,-0.0070727,0.027921,-132.59,-0.010345,0.036973,-44.352,-0.0032331,0.056387,-130.08,-0.015008,0.072643,-97.426
116,1019.7,8.1828,2.3746,1.6254,12,24,7.5982,4.9707,2.5006,2.6242,0.44211,9.5629,104.21,6,trajectory,0.041077,1,0.13806,2.6612,1,running,0.023546,0.036086,0.43683,0.006435,0.068461,176.15,-0.0079257,0.048692,7.6434,-0.037259,0.042882,119.26,-0.0070727,0.027921,-132.59,-0.010345,0.036973,-44.352,-0.0032331,0.056387,-130.08,-0.015008,0.072643,-97.426
117,1019.8,8.1778,2.4695,1.6223,12,24,7.5982,4.9707,2.5006,2.5277,0.44997,10.094,104.21,6,trajectory,0.041077,1,0.13728,2.5675,1,running,0.023546,0.036086,0.43684,0.006435,0.068461,176.15,-0.0079257,0.048692,7.6434,-0.037259,0.042882,119.26,-0.0070727,0.027921,-132.59,-0.010345,0.036973,-44.352,-0.0032331,0.056387,-130.08,-0.015008,0.072643,-97.426
118,1020,8.173,2.5645,1.6194,12,24,7.5982,4.9707,2.5006,2.4313,0.45729,10.652,104.21,6,trajectory,0.041077,1,0.13772,2.4739,1,running,0.023546,0.036086,0.43684,0.006435,0.068461,176.15,-0.0079257,0.048692,7.6434,-0.037259,0.042882,119.26,-0.0070727,0.027921,-132.59,-0.010345,0.036973,-44.352,-0.0032331,0.056387,-130.08,-0.015008,0.072643,-97.426
119,1020.2,8.1685,2.6597,1.6167,13,24,6.6283,5.2194,-3.1143,2.6276,1.4213,28.409,104.21,6,trajectory,0.041077,1,0.13544,2.3804,1,running,0.023546,0.036086,0.43684,0.006435,0.068461,176.15,-0.0079257,0.048692,7.6434,-0.037259,0.042882,119.26,-0.0070727,0.027921,-132.59,-0.010345,0.036973,-44.352,-0.0032331,0.056387,-130.08,-0.015008,0.072643,-97.426
120,1020.3,8.1669,2.6953,1.6157,13,24,6.6283,5.2194,-3.1143,2.5906,1.4237,28.792,104.21,6,trajectory,0.041077,1,0.13703,2.956,1,running,0.023546,0.036086,0.43683,0.006435,0.068461,176.15,-0.0079257,0.048692,7.6434,-0.037259,0.042882,119.26,-0.0070727,0.027921,-132.59,-0.010345,0.036973,-44.352,-0.0032331,0.056387,-130.08,-0.015008,0.072643,-97.426
121,1020.5,8.1669,2.6953,1.6157,13,24,6.6283,5.2194,-3.1143,2.5906,1.4237,28.792,104.21,6,trajectory,0.041077,1,0.13921,2.956,1,running,0.023546,0.036086,0.43683,0.006435,0.068461,176.15,-0.0079257,0.048692,7.6434,-0.037259,0.042882,119.26,-0.0070727,0.027921,-132.59,-0.010345,0.036973,-44.352,-0.0032331,0.056387,-130.08,-0.015008,0.072643,-97.426
122,1020.7,8.1669,2.6953,1.6157,13,24,6.6283,5.2194,-3.1143,2.5906,1.4237,28.792,104.21,6,trajectory,0.041077,1,0.13853,2.956,1,running,0.023546,0.036086,0.43684,0.006435,0.068461,176.15,-0.0079257,0.048692,7.6434,-0.037259,0.042882,119.26,-0.0070727,0.027921,-132.59,-0.010345,0.036973,-44.352,-0.0032331,0.056387,-130.08,-0.015008,0.072643,-97.426
123,1020.8,8.1669,2.6953,1.6157,13,24,6.6283,5.2194,-3.1143,2.5906,1.4237,28.792,104.21,6,trajectory,0.041077,1,0.13604,2.956,1,running,0.023546,0.036086,0.43684,0.006435,0.068461,176.15,-0.0079257,0.048692,7.6434,-0.037259,0.042882,119.26,-0.0070727,0.027921,-132.59,-0.010345,0.036973,-44.352,-0.0032331,0.056387,-130.08,-0.015008,0.072643,-97.426
124,1021,8.1669,2.6953,1.6157,13,24,6.6283,5.2194,-3.1143,2.5906,1.4237,28.792,104.21,6,trajectory,0.041077,1,0.13674,2.956,1,running,0.023546,0.036086,0.43684,0.006435,0.068461,176.15,-0.0079257,0.048692,7.6434,-0.037259,0.042882,119.26,-0.0070727,0.027921,-132.59,-0.010345,0.036973,-44.352,-0.0032331,0.056387,-130.08,-0.015008,0.072643,-97.426
125,1021.2,8.1669,2.6953,1.6157,13,24,6.6283,5.2194,-3.1143,2.5906,1.4237,28.792,104.21,6,trajectory,0.041077,1,0.13507,2.956,1,running,0.023546,0.036086,0.43684,0.006435,0.068461,176.15,-0.0079257,0.048692,7.6434,-0.037259,0.042882,119.26,-0.0070727,0.027921,-132.59,-0.010345,0.036973,-44.352,-0.0032331,0.056387,-130.08,-0.015008,0.072643,-97.426
126,1021.3,8.1669,2.6953,1.6157,13,24,6.6283,5.2194,-3.1143,2.5906,1.4237,28.792,104.21,6,trajectory,0.041077,1,0.1356,2.956,1,running,0.023546,0.036086,0.43684,0.006435,0.068461,176.15,-0.0079257,0.048692,7.6434,-0.037259,0.042882,119.26,-0.0070727,0.027921,-132.59,-0.010345,0.036973,-44.352,-0.0032331,0.056387,-130.08,-0.015008,0.072643,-97.426
127,1021.5,8.1669,2.6953,1.6157,13,24,6.6283,5.2194,-3.1143,2.5906,1.4237,28.792,104.21,6,trajectory,0.041077,1,0.13745,2.956,1,running,0.023546,0.036086,0.43684,0.006435,0.068461,176.15,-0.0079257,0.048692,7.6434,-0.037259,0.042882,119.26,-0.0070727,0.027921,-132.59,-0.010345,0.036973,-44.352,-0.0032331,0.056387,-130.08,-0.015008,0.072643,-97.426
128,1021.6,8.1669,2.6953,1.6157,13,24,6.6283,5.2194,-3.1143,2.5906,1.4237,28.792,104.21,6,trajectory,0.041077,1,0.13504,2.956,1,running,0.023546,0.036086,0.43684,0.006435,0.068461,176.15,-0.0079257,0.048692,7.6434,-0.037259,0.042882,119.26,-0.0070727,0.027921,-132.59,-0.010345,0.036973,-44.352,-0.0032331,0.056387,-130.08,-0.015008,0.072643,-97.426
129,1021.8,8.1669,2.6953,1.6157,13,24,6.6283,5.2194,-3.1143,2.5906,1.4237,28.792,104.21,6,trajectory,0.041077,1,0.1353,2.956,1,running,0.023546,0.036086,0.43684,0.006435,0.068461,176.15,-0.0079257,0.048692,7.6434,-0.037259,0.042882,119.26,-0.0070727,0.027921,-132.59,-0.010345,0.036973,-44.352,-0.0032331,0.056387,-130.08,-0.015008,0.072643,-97.426
130,1022,8.1669,2.6953,1.6157,13,24,6.6283,5.2194,-3.1143,2.5906,1.4237,28.792,104.21,6,trajectory,0.041077,1,0.13468,2.956,1,running,0.023546,0.036086,0.43684,0.006435,0.068461,176.15,-0.0079257,0.048692,7.6434,-0.037259,0.042882,119.26,-0.0070727,0.027921,-132.59,-0.010345,0.036973,-44.352,-0.0032331,0.056387,-130.08,-0.015008,0.072643,-97.426
131,1022.1,8.1669,2.6953,1.6157,13,24,6.6283,5.2194,-3.1143,2.5906,1.4237,28.792,104.21,6,trajectory,0.041077,1,0.13612,2.956,1,running,0.023546,0.036086,0.43684,0.006435,0.068461,176.15,-0.0079257,0.048692,7.6434,-0.037259,0.042882,119.26,-0.0070727,0.027921,-132.59,-0.010345,0.036973,-44.352,-0.0032331,0.056387,-130.08,-0.015008,0.072643,-97.426
132,1022.3,8.1669,2.6953,1.6157,13,24,6.6283,5.2194,-3.1143,2.5906,1.4237,28.792,104.21,6,trajectory,0.041077,1,0.15545,2.956,1,running,0.023546,0.036086,0.43684,0.006435,0.068461,176.15,-0.0079257,0.048692,7.6434,-0.037259,0.042882,119.26,-0.0070727,0.027921,-132.59,-0.010345,0.036973,-44.352,-0.0032331,0.056387,-130.08,-0.015008,0.072643,-97.426
133,1022.5,8.1669,2.6953,1.6157,13,24,6.6283,5.2194,-3.1143,2.5906,1.4237,28.792,104.21,6,trajectory,0.041077,1,0.1406,2.956,1,running,0.023546,0.036086,0.43684,0.006435,0.068461,176.15,-0.0079257,0.048692,7.6434,-0.037259,0.042882,119.26,-0.0070727,0.027921,-132.59,-0.010345,0.036973,-44.352,-0.0032331,0.056387,-130.08,-0.015008,0.072643,-97.426
134,1022.6,8.1669,2.6953,1.6157,13,24,6.6283,5.2194,-3.1143,2.5906,1.4237,28.792,104.21,6,trajectory,0.041077,1,0.13436,2.956,1,running,0.023546,0.036086,0.43684,0.006435,0.068461,176.15,-0.0079257,0.048692,7.6434,-0.037259,0.042882,119.26,-0.0070727,0.027921,-132.59,-0.010345,0.036973,-44.352,-0.0032331,0.056387,-130.08,-0.015008,0.072643,-97.426
135,1022.8,8.1669,2.6953,1.6157,13,24,6.6283,5.2194,-3.1143,2.5906,1.4237,28.792,104.21,6,trajectory,0.041077,1,0.13533,2.956,1,running,0.023546,0.036086,0.43684,0.006435,0.068461,176.15,-0.0079257,0.048692,7.6434,-0.037259,0.042882,119.26,-0.0070727,0.027921,-132.59,-0.010345,0.036973,-44.352,-0.0032331,0.056387,-130.08,-0.015008,0.072643,-97.426
136,1023,8.1669,2.6953,1.6157,13,24,6.6283,5.2194,-3.1143,2.5906,1.4237,28.792,104.21,6,trajectory,0.041077,1,0.13622,2.956,1,running,0.023546,0.036086,0.43684,0.006435,0.068461,176.15,-0.0079257,0.048692,7.6434,-0.037259,0.042882,119.26,-0.0070727,0.027921,-132.59,-0.010345,0.036973,-44.352,-0.0032331,0.056387,-130.08,-0.015008,0.072643,-97.426
137,1023.1,8.1669,2.6953,1.6157,13,24,6.6283,5.2194,-3.1143,2.5906,1.4237,28.792,104.21,6,trajectory,0.041077,1,0.13657,2.956,1,running,0.023546,0.036086,0.43684,0.006435,0.068461,176.15,-0.0079257,0.048692,7.6434,-0.037259,0.042882,119.26,-0.0070727,0.027921,-132.59,-0.010345,0.036973,-44.352,-0.0032331,0.056387,-130.08,-0.015008,0.072643,-97.426
138,1023.3,8.1669,2.6953,1.6157,13,24,6.6283,5.2194,-3.1143,2.5906,1.4237,28.792,104.21,6,trajectory,0.041077,1,0.13608,2.956,1,running,0.023546,0.036086,0.43684,0.006435,0.068461,176.15,-0.0079257,0.048692,7.6434,-0.037259,0.042882,119.26,-0.0070727,0.027921,-132.59,-0.010345,0.036973,-44.352,-0.0032331,0.056387,-130.08,-0.015008,0.072643,-97.426
139,1023.5,8.1669,2.6953,1.6157,13,24,6.6283,5.2194,-3.1143,2.5906,1.4237,28.792,104.21,6,trajectory,0.041077,1,0.13709,2.956,1,running,0.023546,0.036086,0.43684,0.006435,0.068461,176.15,-0.0079257,0.048692,7.6434,-0.037259,0.042882,119.26,-0.0070727,0.027921,-132.59,-0.010345,0.036973,-44.352,-0.0032331,0.056387,-130.08,-0.015008,0.072643,-97.426
140,1023.6,8.1669,2.6953,1.6157,13,24,6.6283,5.2194,-3.1143,2.5906,1.4237,28.792,104.21,6,trajectory,0.041077,1,0.13645,2.956,1,running,0.023546,0.036086,0.43684,0.006435,0.068461,176.15,-0.0079257,0.048692,7.6434,-0.037259,0.042882,119.26,-0.0070727,0.027921,-132.59,-0.010345,0.036973,-44.352,-0.0032331,0.056387,-130.08,-0.015008,0.072643,-97.426
141,1023.8,8.1669,2.6953,1.6157,13,24,6.6283,5.2194,-3.1143,2.5906,1.4237,28.792,104.21,6,trajectory,0.041077,1,0.13785,2.956,1,running,0.023546,0.036086,0.43684,0.006435,0.068461,176.15,-0.0079257,0.048692,7.6434,-0.037259,0.042882,119.26,-0.0070727,0.027921,-132.59,-0.010345,0.036973,-44.352,-0.0032331,0.056387,-130.08,-0.015008,0.072643,-97.426
142,1023.9,8.1669,2.6953,1.6157,13,24,6.6283,5.2194,-3.1143,2.5906,1.4237,28.792,104.21,6,trajectory,0.041077,1,0.13695,2.956,1,running,0.023546,0.036086,0.43684,0.006435,0.068461,176.15,-0.0079257,0.048692,7.6434,-0.037259,0.042882,119.26,-0.0070727,0.027921,-132.59,-0.010345,0.036973,-44.352,-0.0032331,0.056387,-130.08,-0.015008,0.072643,-97.426
143,1024.1,8.1669,2.6953,1.6157,13,24,6.6283,5.2194,-3.1143,2.5906,1.4237,28.792,104.21,6,trajectory,0.041077,1,0.13885,2.956,1,running,0.023546,0.036086,0.43684,0.006435,0.068461,176.15,-0.0079257,0.048692,7.6434,-0.037259,0.042882,119.26,-0.0070727,0.027921,-132.59,-0.010345,0.036973,-44.352,-0.0032331,0.056387,-130.08,-0.015008,0.072643,-97.426
144,1024.3,8.1669,2.6953,1.6157,13,24,6.6283,5.2194,-3.1143,2.5906,1.4237,28.792,104.21,6,trajectory,0.041077,1,0.14984,2.956,1,running,0.023546,0.036086,0.43684,0.006435,0.068461,176.15,-0.0079257,0.048692,7.6434,-0.037259,0.042882,119.26,-0.0070727,0.027921,-132.59,-0.010345,0.036973,-44.352,-0.0032331,0.056387,-130.08,-0.015008,0.072643,-97.426
145,1024.4,8.1669,2.6953,1.6157,13,24,6.6283,5.2194,-3.1143,2.5906,1.4237,28.792,104.21,6,trajectory,0.041077,1,0.1438,2.956,1,running,0.023546,0.036086,0.43684,0.006435,0.068461,176.15,-0.0079257,0.048692,7.6434,-0.037259,0.042882,119.26,-0.0070727,0.027921,-132.59,-0.010345,0.036973,-44.352,-0.0032331,0.056387,-130.08,-0.015008,0.072643,-97.426
146,1024.6,8.1669,2.6953,1.6157,13,24,6.6283,5.2194,-3.1143,2.5906,1.4237,28.792,104.21,6,trajectory,0.041077,1,0.14151,2.956,1,running,0.023546,0.036086,0.43684,0.006435,0.068461,176.15,-0.0079257,0.048692,7.6434,-0.037259,0.042882,119.26,-0.0070727,0.027921,-132.59,-0.010345,0.036973,-44.352,-0.0032331,0.056387,-130.08,-0.015008,0.072643,-97.426
147,1024.8,8.1669,2.6953,1.6157,13,24,6.6283,5.2194,-3.1143,2.5906,1.4237,28.792,104.21,6,trajectory,0.041077,1,0.14253,2.956,1,running,0.023546,0.036086,0.43684,0.006435,0.068461,176.15,-0.0079257,0.048692,7.6434,-0.037259,0.042882,119.26,-0.0070727,0.027921,-132.59,-0.010345,0.036973,-44.352,-0.0032331,0.056387,-130.08,-0.015008,0.072643,-97.426
148,1024.9,8.1669,2.6953,1.6157,13,24,6.6283,5.2194,-3.1143,2.5906,1.4237,28.792,104.21,6,trajectory,0.041077,1,0.14316,2.956,1,running,0.023546,0.036086,0.43684,0.006435,0.068461,176.15,-0.0079257,0.048692,7.6434,-0.037259,0.042882,119.26,-0.0070727,0.027921,-132.59,-0.010345,0.036973,-44.352,-0.0032331,0.056387,-130.08,-0.015008,0.072643,-97.426
149,1025.1,8.1669,2.6953,1.6157,13,24,6.6283,5.2194,-3.1143,2.5906,1.4237,28.792,104.21,6,trajectory,0.041077,1,0.14296,2.956,1,running,0.023546,0.036086,0.43684,0.006435,0.068461,176.15,-0.0079257,0.048692,7.6434,-0.037259,0.042882,119.26,-0.0070727,0.027921,-132.59,-0.010345,0.036973,-44.352,-0.0032331,0.056387,-130.08,-0.015008,0.072643,-97.426
150,1025.3,8.1669,2.6953,1.6157,13,24,6.6283,5.2194,-3.1143,2.5906,1.4237,28.792,104.21,6,trajectory,0.041077,1,0.13776,2.956,1,running,0.023546,0.036086,0.43684,0.006435,0.068461,176.15,-0.0079257,0.048692,7.6434,-0.037259,0.042882,119.26,-0.0070727,0.027921,-132.59,-0.010345,0.036973,-44.352,-0.0032331,0.056387,-130.08,-0.015008,0.072643,-97.426
151,1025.5,8.1669,2.6953,1.6157,13,24,6.6283,5.2194,-3.1143,2.5906,1.4237,28.792,104.21,6,trajectory,0.041077,1,0.14144,2.956,1,running,0.023546,0.036086,0.43684,0.006435,0.068461,176.15,-0.0079257,0.048692,7.6434,-0.037259,0.042882,119.26,-0.0070727,0.027921,-132.59,-0.010345,0.036973,-44.352,-0.0032331,0.056387,-130.08,-0.015008,0.072643,-97.426
152,1025.6,8.1669,2.6953,1.6157,13,24,6.6283,5.2194,-3.1143,2.5906,1.4237,28.792,104.21,6,trajectory,0.041077,1,0.13675,2.956,1,running,0.023546,0.036086,0.43684,0.006435,0.068461,176.15,-0.0079257,0.048692,7.6434,-0.037259,0.042882,119.26,-0.0070727,0.027921,-132.59,-0.010345,0.036973,-44.352,-0.0032331,0.056387,-130.08,-0.015008,0.072643,-97.426
153,1025.8,8.1669,2.6953,1.6157,13,24,6.6283,5.2194,-3.1143,2.5906,1.4237,28.792,104.21,6,trajectory,0.041077,1,0.13754,2.956,1,running,0.023546,0.036086,0.43684,0.006435,0.068461,176.15,-0.0079257,0.048692,7.6434,-0.037259,0.042882,119.26,-0.0070727,0.027921,-132.59,-0.010345,0.036973,-44.352,-0.0032331,0.056387,-130.08,-0.015008,0.072643,-97.426
154,1025.9,8.1669,2.6953,1.6157,13,24,6.6283,5.2194,-3.1143,2.5906,1.4237,28.792,104.21,6,trajectory,0.041077,1,0.14693,2.956,1,running,0.023546,0.036086,0.43684,0.006435,0.068461,176.15,-0.0079257,0.048692,7.6434,-0.037259,0.042882,119.26,-0.0070727,0.027921,-132.59,-0.010345,0.036973,-44.352,-0.0032331,0.056387,-130.08,-0.015008,0.072643,-97.426
155,1026.1,8.1669,2.6953,1.6157,13,24,6.6283,5.2194,-3.1143,2.5906,1.4237,28.792,104.21,6,trajectory,0.041077,1,0.15871,2.956,1,running,0.023546,0.036086,0.43684,0.006435,0.068461,176.15,-0.0079257,0.048692,7.6434,-0.037259,0.042882,119.26,-0.0070727,0.027921,-132.59,-0.010345,0.036973,-44.352,-0.0032331,0.056387,-130.08,-0.015008,0.072643,-97.426
156,1026.3,8.1648,2.743,1.6148,13,24,6.6283,5.2194,-3.1143,2.5415,1.4262,29.299,104.21,6,trajectory,0.041077,1,0.15268,2.9143,1,running,0.023546,0.036086,0.43684,0.006435,0.068461,176.15,-0.0079257,0.048692,7.6434,-0.037259,0.042882,119.26,-0.0070727,0.027921,-132.59,-0.010345,0.036973,-44.352,-0.0032331,0.056387,-130.08,-0.015008,0.072643,-97.426
157,1026.5,8.1597,2.8622,1.6124,13,24,6.6283,5.2194,-3.1143,2.4189,1.4319,30.624,104.21,6,trajectory,0.041077,1,0.13816,2.811,1,running,0.023546,0.036086,0.43684,0.006435,0.068461,176.15,-0.0079257,0.048692,7.6434,-0.037259,0.042882,119.26,-0.0070727,0.027921,-132.59,-0.010345,0.036973,-44.352,-0.0032331,0.056387,-130.08,-0.015008,0.072643,-97.426
158,1026.6,8.1558,2.9576,1.6109,13,24,6.6283,5.2194,-3.1143,2.3212,1.4356,31.736,104.21,6,trajectory,0.041077,1,0.1385,2.7292,1,running,0.023546,0.036086,0.43683,0.006435,0.068461,176.15,-0.0079257,0.048692,7.6434,-0.037259,0.042882,119.26,-0.0070727,0.027921,-132.59,-0.010345,0.036973,-44.352,-0.0032331,0.056387,-130.08,-0.015008,0.072643,-97.426
159,1026.8,8.152,3.0531,1.6097,13,24,6.6283,5.2194,-3.1143,2.2239,1.4383,32.892,104.21,6,trajectory,0.041077,1,0.14714,2.6484,1,running,0.023546,0.036086,0.43684,0.006435,0.068461,176.15,-0.0079257,0.048692,7.6434,-0.037259,0.042882,119.26,-0.0070727,0.027921,-132.59,-0.010345,0.036973,-44.352,-0.0032331,0.056387,-130.08,-0.015008,0.072643,-97.426
160,1027,8.1478,3.1607,1.6089,13,24,6.6283,5.2194,-3.1143,2.115,1.4401,34.252,104.21,6,trajectory,0.041077,1,0.14022,2.5587,1,running,0.023546,0.036086,0.43683,0.006435,0.068461,176.15,-0.0079257,0.048692,7.6434,-0.037259,0.042882,119.26,-0.0070727,0.027921,-132.59,-0.010345,0.036973,-44.352,-0.0032331,0.056387,-130.08,-0.015008,0.072643,-97.426
161,1027.1,8.1442,3.2565,1.6084,13,24,6.6283,5.2194,-3.1143,2.0185,1.441,35.522,104.21,6,trajectory,0.041077,1,0.15034,2.4801,1,running,0.023546,0.036086,0.43683,0.006435,0.068461,176.15,-0.0079257,0.048692,7.6434,-0.037259,0.042882,119.26,-0.0070727,0.027921,-132.59,-0.010345,0.036973,-44.352,-0.0032331,0.056387,-130.08,-0.015008,0.072643,-97.426
162,1027.3,8.1402,3.3643,1.6083,14,24,5.6037,5.1498,-3.0764,1.8793,2.4678,52.71,104.21,6,trajectory,0.041077,1,0.15072,2.3932,1,running,0.023546,0.036086,0.43684,0.006435,0.068461,176.15,-0.0079257,0.048692,7.6434,-0.037259,0.042882,119.26,-0.0070727,0.027921,-132.59,-0.010345,0.036973,-44.352,-0.0032331,0.056387,-130.08,-0.015008,0.072643,-97.426
163,1027.5,8.1361,3.4721,1.6084,14,24,5.6037,5.1498,-3.0764,1.7716,2.4677,54.325,104.21,6,trajectory,0.041077,1,0.13846,3.0377,1,running,0.023546,0.036086,0.43684,0.006435,0.068461,176.15,-0.0079257,0.048692,7.6434,-0.037259,0.042882,119.26,-0.0070727,0.027921,-132.59,-0.010345,0.036973,-44.352,-0.0032331,0.056387,-130.08,-0.015008,0.072643,-97.426
164,1027.7,8.1321,3.5799,1.6091,14,24,5.6037,5.1498,-3.0764,1.6657,2.4663,55.966,104.21,6,trajectory,0.041077,1,0.13745,2.9761,1,running,0.023546,0.036086,0.43684,0.006435,0.068461,176.15,-0.0079257,0.048692,7.6434,-0.037259,0.042882,119.26,-0.0070727,0.027921,-132.59,-0.010345,0.036973,-44.352,-0.0032331,0.056387,-130.08,-0.015008,0.072643,-97.426
165,1027.9,8.1283,3.6749,1.613,14,24,5.6037,5.1498,-3.0764,1.5802,2.4601,57.286,104.21,6,trajectory,0.041077,1,0.13345,2.9238,1,running,0.023546,0.036086,0.43684,0.006435,0.068461,176.15,-0.0079257,0.048692,7.6434,-0.037259,0.042882,119.26,-0.0070727,0.027921,-132.59,-0.010345,0.036973,-44.352,-0.0032331,0.056387,-130.08,-0.015008,0.072643,-97.426
166,1028,8.1239,3.7683,1.6225,14,24,5.6037,5.1498,-3.0764,1.51,2.4454,58.306,104.21,6,trajectory,0.041077,1,0.13597,2.874,1,running,0.023546,0.036086,0.43684,0.006435,0.068461,176.15,-0.0079257,0.048692,7.6434,-0.037259,0.042882,119.26,-0.0070727,0.027921,-132.59,-0.010345,0.036973,-44.352,-0.0032331,0.056387,-130.08,-0.015008,0.072643,-97.426
167,1028.2,8.1176,3.8704,1.6434,14,24,5.6037,5.1498,-3.0764,1.4583,2.4145,58.869,104.21,6,trajectory,0.041077,1,0.13833,2.8208,1,running,0.023546,0.036086,0.43683,0.006435,0.068461,176.15,-0.0079257,0.048692,7.6434,-0.037259,0.042882,119.26,-0.0070727,0.027921,-132.59,-0.010345,0.036973,-44.352,-0.0032331,0.056387,-130.08,-0.015008,0.072643,-97.426
168,1028.3,8.1101,3.9588,1.6696,14,24,5.6037,5.1498,-3.0764,1.4325,2.3766,58.921,104.21,6,trajectory,0.041077,1,0.13842,2.775,1,running,0.023546,0.036086,0.43684,0.006435,0.068461,176.15,-0.0079257,0.048692,7.6434,-0.037259,0.042882,119.26,-0.0070727,0.027921,-132.59,-0.010345,0.036973,-44.352,-0.0032331,0.056387,-130.08,-0.015008,0.072643,-97.426
169,1028.5,8.1002,4.0445,1.7033,14,24,5.6037,5.1498,-3.0764,1.4254,2.3286,58.529,104.21,6,trajectory,0.041077,1,0.13727,2.7303,1,running,0.023546,0.036086,0.43684,0.006435,0.068461,176.15,-0.0079257,0.048692,7.6434,-0.037259,0.042882,119.26,-0.0070727,0.027921,-132.59,-0.010345,0.036973,-44.352,-0.0032331,0.056387,-130.08,-0.015008,0.072643,-97.426
170,1028.7,8.0875,4.1275,1.7437,14,24,5.6037,5.1498,-3.0764,1.4343,2.2709,57.724,104.21,6,trajectory,0.041077,1,0.1336,2.686,1,running,0.023546,0.036086,0.43684,0.006435,0.068461,176.15,-0.0079257,0.048692,7.6434,-0.037259,0.042882,119.26,-0.0070727,0.027921,-132.59,-0.010345,0.036973,-44.352,-0.0032331,0.056387,-130.08,-0.015008,0.072643,-97.426
171,1028.8,8.0716,4.208,1.7892,14,24,5.6037,5.1498,-3.0764,1.4542,2.2052,56.597,104.21,6,trajectory,0.041077,1,0.17716,2.6415,1,running,0.023546,0.036086,0.43683,0.006435,0.068461,176.15,-0.0079257,0.048692,7.6434,-0.037259,0.042882,119.26,-0.0070727,0.027921,-132.59,-0.010345,0.036973,-44.352,-0.0032331,0.056387,-130.08,-0.015008,0.072643,-97.426
172,1029,8.044,4.315,1.8583,14,24,5.6037,5.1498,-3.0764,1.4925,2.1035,54.643,104.21,6,trajectory,0.041077,1,0.15115,2.5792,1,running,0.023546,0.036086,0.43684,0.006435,0.068461,176.15,-0.0079257,0.048692,7.6434,-0.037259,0.042882,119.26,-0.0070727,0.027921,-132.59,-0.010345,0.036973,-44.352,-0.0032331,0.056387,-130.08,-0.015008,0.072643,-97.426
173,1029.2,8.0164,4.399,1.9192,14,24,5.6037,5.1498,-3.0764,1.5295,2.0113,52.749,104.21,6,trajectory,0.041077,1,0.13863,2.5268,1,running,0.023546,0.036086,0.43684,0.006435,0.068461,176.15,-0.0079257,0.048692,7.6434,-0.037259,0.042882,119.26,-0.0070727,0.027921,-132.59,-0.010345,0.036973,-44.352,-0.0032331,0.056387,-130.08,-0.015008,0.072643,-97.426
174,1029.4,7.9879,4.471,1.9759,14,24,5.6037,5.1498,-3.0764,1.5636,1.9237,50.896,104.21,6,trajectory,0.041077,1,0.15199,2.479,1,running,0.023546,0.036086,0.43684,0.006435,0.068461,176.15,-0.0079257,0.048692,7.6434,-0.037259,0.042882,119.26,-0.0070727,0.027921,-132.59,-0.010345,0.036973,-44.352,-0.0032331,0.056387,-130.08,-0.015008,0.072643,-97.426
175,1029.6,7.9514,4.5491,2.0419,15,24,4.529,5.0884,-3.0863,2.0338,2.8049,54.054,104.21,6,trajectory,0.041077,1,0.15256,2.4233,1,running,0.023546,0.036086,0.43683,0.006435,0.068461,176.15,-0.0079257,0.048692,7.6434,-0.037259,0.042882,119.26,-0.0070727,0.027921,-132.59,-0.010345,0.036973,-44.352,-0.0032331,0.056387,-130.08,-0.015008,0.072643,-97.426
176,1029.7,7.9097,4.6244,2.1096,15,24,4.529,5.0884,-3.0863,2.133,2.6637,51.314,104.21,6,trajectory,0.041077,1,0.13542,3.4125,1,running,0.023546,0.036086,0.43684,0.006435,0.068461,176.15,-0.0079257,0.048692,7.6434,-0.037259,0.042882,119.26,-0.0070727,0.027921,-132.59,-0.010345,0.036973,-44.352,-0.0032331,0.056387,-130.08,-0.015008,0.072643,-97.426
177,1029.9,7.8635,4.696,2.1786,15,24,4.529,5.0884,-3.0863,2.2264,2.5132,48.463,104.21,6,trajectory,0.041077,1,0.13674,3.3576,1,running,0.023546,0.036086,0.43684,0.006435,0.068461,176.15,-0.0079257,0.048692,7.6434,-0.037259,0.042882,119.26,-0.0070727,0.027921,-132.59,-0.010345,0.036973,-44.352,-0.0032331,0.056387,-130.08,-0.015008,0.072643,-97.426
178,1030.1,7.8188,4.7562,2.2406,15,24,4.529,5.0884,-3.0863,2.3029,2.3727,45.855,104.21,6,trajectory,0.041077,1,0.1391,3.3065,1,running,0.023546,0.036086,0.43684,0.006435,0.068461,176.15,-0.0079257,0.048692,7.6434,-0.037259,0.042882,119.26,-0.0070727,0.027921,-132.59,-0.010345,0.036973,-44.352,-0.0032331,0.056387,-130.08,-0.015008,0.072643,-97.426
179,1030.2,7.7705,4.8135,2.3032,15,24,4.529,5.0884,-3.0863,2.372,2.2264,43.186,104.21,6,trajectory,0.041077,1,0.13571,3.2531,1,running,0.023546,0.036086,0.43684,0.006435,0.068461,176.15,-0.0079257,0.048692,7.6434,-0.037259,0.042882,119.26,-0.0070727,0.027921,-132.59,-0.010345,0.036973,-44.352,-0.0032331,0.056387,-130.08,-0.015008,0.072643,-97.426
180,1030.4,7.7187,4.8675,2.3662,15,24,4.529,5.0884,-3.0863,2.4325,2.075,40.465,104.21,6,trajectory,0.041077,1,0.14278,3.1973,1,running,0.023546,0.036086,0.43684,0.006435,0.068461,176.15,-0.0079257,0.048692,7.6434,-0.037259,0.042882,119.26,-0.0070727,0.027921,-132.59,-0.010345,0.036973,-44.352,-0.0032331,0.056387,-130.08,-0.015008,0.072643,-97.426
181,1030.6,7.6567,4.9241,2.4372,15,24,4.529,5.0884,-3.0863,2.4897,1.9003,37.352,104.21,6,trajectory,0.041077,1,0.13893,3.132,1,running,0.023546,0.036086,0.43684,0.006435,0.068461,176.15,-0.0079257,0.048692,7.6434,-0.037259,0.042882,119.26,-0.0070727,0.027921,-132.59,-0.010345,0.036973,-44.352,-0.0032331,0.056387,-130.08,-0.015008,0.072643,-97.426
182,1030.7,7.5982,4.9707,2.5006,15,24,4.529,5.0884,-3.0863,2.5303,1.7411,34.533,104.21,6,trajectory,0.041077,1,0.1533,3.0715,1,running,0.023546,0.036086,0.43684,0.006435,0.068461,176.15,-0.0079257,0.048692,7.6434,-0.037259,0.042882,119.26,-0.0070727,0.027921,-132.59,-0.010345,0.036973,-44.352,-0.0032331,0.056387,-130.08,-0.015008,0.072643,-97.426
183,1030.9,7.529,5.0186,2.5719,15,24,4.529,5.0884,-3.0863,2.5638,1.5595,31.311,104.21,6,trajectory,0.041077,1,0.13803,3.0008,1,running,0.023546,0.036086,0.43684,0.006435,0.068461,176.15,-0.0079257,0.048692,7.6434,-0.037259,0.042882,119.26,-0.0070727,0.027921,-132.59,-0.010345,0.036973,-44.352,-0.0032331,0.056387,-130.08,-0.015008,0.072643,-97.426
184,1031.1,7.4651,5.0568,2.6349,15,24,4.529,5.0884,-3.0863,2.5826,1.3971,28.413,104.21,6,trajectory,0.041077,1,0.13936,2.9363,1,running,0.023546,0.036086,0.43683,0.006435,0.068461,176.15,-0.0079257,0.048692,7.6434,-0.037259,0.042882,119.26,-0.0070727,0.027921,-132.59,-0.010345,0.036973,-44.352,-0.0032331,0.056387,-130.08,-0.015008,0.072643,-97.426
185,1031.2,7.3982,5.0912,2.6984,15,24,4.529,5.0884,-3.0863,2.5908,1.233,25.45,104.21,6,trajectory,0.041077,1,0.13974,2.8693,1,running,0.023546,0.036086,0.43684,0.006435,0.068461,176.15,-0.0079257,0.048692,7.6434,-0.037259,0.042882,119.26,-0.0070727,0.027921,-132.59,-0.010345,0.036973,-44.352,-0.0032331,0.056387,-130.08,-0.015008,0.072643,-97.426
186,1031.4,7.3297,5.1211,2.7612,15,24,4.529,5.0884,-3.0863,2.5884,1.0701,22.461,104.21,6,trajectory,0.041077,1,0.14047,2.8009,1,running,0.023546,0.036086,0.43684,0.006435,0.068461,176.15,-0.0079257,0.048692,7.6434,-0.037259,0.042882,119.26,-0.0070727,0.027921,-132.59,-0.010345,0.036973,-44.352,-0.0032331,0.056387,-130.08,-0.015008,0.072643,-97.426
187,1031.6,7.2499,5.1498,2.831,15,24,4.529,5.0884,-3.0863,2.572,0.89012,19.09,104.21,6,trajectory,0.041077,1,0.13944,2.7216,1,running,0.023546,0.036086,0.43684,0.006435,0.068461,176.15,-0.0079257,0.048692,7.6434,-0.037259,0.042882,119.26,-0.0070727,0.027921,-132.59,-0.010345,0.036973,-44.352,-0.0032331,0.056387,-130.08,-0.015008,0.072643,-97.426
188,1031.8,7.1764,5.171,2.8909,15,24,4.529,5.0884,-3.0863,2.5441,0.73686,16.153,104.21,6,trajectory,0.041077,1,0.14096,2.6487,1,running,0.023546,0.036086,0.43684,0.006435,0.068461,176.15,-0.0079257,0.048692,7.6434,-0.037259,0.042882,119.26,-0.0070727,0.027921,-132.59,-0.010345,0.036973,-44.352,-0.0032331,0.056387,-130.08,-0.015008,0.072643,-97.426
189,1031.9,7.0907,5.19,2.9538,15,24,4.529,5.0884,-3.0863,2.4977,0.57803,13.03,104.21,6,trajectory,0.041077,1,0.13931,2.5637,1,running,0.023546,0.036086,0.43684,0.006435,0.068461,176.15,-0.0079257,0.048692,7.6434,-0.037259,0.042882,119.26,-0.0070727,0.027921,-132.59,-0.010345,0.036973,-44.352,-0.0032331,0.056387,-130.08,-0.015008,0.072643,-97.426
190,1032.1,7.0119,5.2029,3.0047,15,24,4.529,5.0884,-3.0863,2.4441,0.45225,10.483,104.21,6,trajectory,0.041077,1,0.15277,2.4856,1,running,0.023546,0.036086,0.43684,0.006435,0.068461,176.15,-0.0079257,0.048692,7.6434,-0.037259,0.042882,119.26,-0.0070727,0.027921,-132.59,-0.010345,0.036973,-44.352,-0.0032331,0.056387,-130.08,-0.015008,0.072643,-97.426
191,1032.3,6.9202,5.213,3.0574,16,24,3.451,5.0262,-3.0817,3.4412,0.47797,7.9077,104.21,6,trajectory,0.041077,1,0.14555,2.3945,1,running,0.023546,0.036086,0.43684,0.006435,0.068461,176.15,-0.0079257,0.048692,7.6434,-0.037259,0.042882,119.26,-0.0070727,0.027921,-132.59,-0.010345,0.036973,-44.352,-0.0032331,0.056387,-130.08,-0.015008,0.072643,-97.426
192,1032.4,6.8256,5.2188,3.1024,16,24,3.451,5.0262,-3.0817,3.3644,0.32445,5.5083,104.21,6,trajectory,0.041077,1,0.13914,3.38,1,running,0.023546,0.036086,0.43684,0.006435,0.068461,176.15,-0.0079257,0.048692,7.6434,-0.037259,0.042882,119.26,-0.0070727,0.027921,-132.59,-0.010345,0.036973,-44.352,-0.0032331,0.056387,-130.08,-0.015008,0.072643,-97.426
193,1032.6,6.7281,5.2207,3.1395,16,24,3.451,5.0262,-3.0817,3.2767,0.20128,3.5152,104.21,6,trajectory,0.041077,1,0.13811,3.2829,1,running,0.023546,0.036086,0.43684,0.006435,0.068461,176.15,-0.0079257,0.048692,7.6434,-0.037259,0.042882,119.26,-0.0070727,0.027921,-132.59,-0.010345,0.036973,-44.352,-0.0032331,0.056387,-130.08,-0.015008,0.072643,-97.426
194,1032.8,6.6395,5.2197,-3.1172,16,24,3.451,5.0262,-3.0817,3.1922,0.11556,2.0732,104.21,6,trajectory,0.041077,1,0.13824,3.1943,1,running,0.023546,0.036086,0.43683,0.006435,0.068461,176.15,-0.0079257,0.048692,7.6434,-0.037259,0.042882,119.26,-0.0070727,0.027921,-132.59,-0.010345,0.036973,-44.352,-0.0032331,0.056387,-130.08,-0.015008,0.072643,-97.426
195,1033,6.549,5.2165,-3.097,16,24,3.451,5.0262,-3.0817,3.1033,0.051972,0.95944,104.21,6,trajectory,0.041077,1,0.13541,3.1038,1,running,0.023546,0.036086,0.43684,0.006435,0.068461,176.15,-0.0079257,0.048692,7.6434,-0.037259,0.042882,119.26,-0.0070727,0.027921,-132.59,-0.010345,0.036973,-44.352,-0.0032331,0.056387,-130.08,-0.015008,0.072643,-97.426
196,1033.1,6.457,5.2117,-3.0826,16,24,3.451,5.0262,-3.0817,3.0116,0.0079235,0.15074,104.21,6,trajectory,0.041077,1,0.13758,3.0116,1,running,0.023546,0.036086,0.43684,0.006435,0.068461,176.15,-0.0079257,0.048692,7.6434,-0.037259,0.042882,119.26,-0.0070727,0.027921,-132.59,-0.010345,0.036973,-44.352,-0.0032331,0.056387,-130.08,-0.015008,0.072643,-97.426
197,1033.3,6.3637,5.2057,-3.0729,16,24,3.451,5.0262,-3.0817,2.9181,-0.020773,-0.40786,104.21,6,trajectory,0.041077,1,0.13829,2.9182,1,running,0.023546,0.036086,0.43684,0.006435,0.068461,176.15,-0.0079257,0.048692,7.6434,-0.037259,0.042882,119.26,-0.0070727,0.027921,-132.59,-0.010345,0.036973,-44.352,-0.0032331,0.056387,-130.08,-0.015008,0.072643,-97.426
198,1033.4,6.2576,5.198,-3.0663,16,24,3.451,5.0262,-3.0817,2.8115,-0.03985,-0.81205,104.21,6,trajectory,0.041077,1,0.14288,2.8118,1,running,0.023546,0.036086,0.43684,0.006435,0.068461,176.15,-0.0079257,0.048692,7.6434,-0.037259,0.042882,119.26,-0.0070727,0.027921,-132.59,-0.010345,0.036973,-44.352,-0.0032331,0.056387,-130.08,-0.015008,0.072643,-97.426
199,1033.6,6.1624,5.1907,-3.0641,16,24,3.451,5.0262,-3.0817,2.7159,-0.046034,-0.97104,104.21,6,trajectory,0.041077,1,0.13563,2.7163,1,running,0.023546,0.036086,0.43684,0.006435,0.068461,176.15,-0.0079257,0.048692,7.6434,-0.037259,0.042882,119.26,-0.0070727,0.027921,-132.59,-0.010345,0.036973,-44.352,-0.0032331,0.056387,-130.08,-0.015008,0.072643,-97.426
200,1033.8,6.0668,5.1832,-3.0639,16,24,3.451,5.0262,-3.0817,2.6201,-0.046366,-1.0138,104.21,6,trajectory,0.041077,1,0.13745,2.6205,1,running,0.023546,0.036086,0.43684,0.006435,0.068461,176.15,-0.0079257,0.048692,7.6434,-0.037259,0.042882,119.26,-0.0070727,0.027921,-132.59,-0.010345,0.036973,-44.352,-0.0032331,0.056387,-130.08,-0.015008,0.072643,-97.426
201,1033.9,5.9597,5.175,-3.0658,16,24,3.451,5.0262,-3.0817,2.5127,-0.041663,-0.94993,104.21,6,trajectory,0.041077,1,0.13768,2.5131,1,running,0.023546,0.036086,0.43684,0.006435,0.068461,176.15,-0.0079257,0.048692,7.6434,-0.037259,0.042882,119.26,-0.0070727,0.027921,-132.59,-0.010345,0.036973,-44.352,-0.0032331,0.056387,-130.08,-0.015008,0.072643,-97.426
202,1034.1,5.8647,5.1679,-3.0683,16,24,3.451,5.0262,-3.0817,2.4176,-0.035467,-0.84049,104.21,6,trajectory,0.041077,1,0.14445,2.4178,1,running,0.023546,0.036086,0.43684,0.006435,0.068461,176.15,-0.0079257,0.048692,7.6434,-0.037259,0.042882,119.26,-0.0070727,0.027921,-132.59,-0.010345,0.036973,-44.352,-0.0032331,0.056387,-130.08,-0.015008,0.072643,-97.426
203,1034.3,5.7698,5.1611,-3.0713,17,24,2.3731,4.9596,-3.0781,3.4025,-0.037802,-0.63655,104.21,6,trajectory,0.041077,1,0.13987,2.3227,1,running,0.023546,0.036086,0.43684,0.006435,0.068461,176.15,-0.0079257,0.048692,7.6434,-0.037259,0.042882,119.26,-0.0070727,0.027921,-132.59,-0.010345,0.036973,-44.352,-0.0032331,0.056387,-130.08,-0.015008,0.072643,-97.426
204,1034.4,5.663,5.1537,-3.0746,17,24,2.3731,4.9596,-3.0781,3.2955,-0.026442,-0.45971,104.21,6,trajectory,0.041077,1,0.13881,3.2956,1,running,0.023546,0.036086,0.43684,0.006435,0.068461,176.15,-0.0079257,0.048692,7.6434,-0.037259,0.042882,119.26,-0.0070727,0.027921,-132.59,-0.010345,0.036973,-44.352,-0.0032331,0.056387,-130.08,-0.015008,0.072643,-97.426
205,1034.6,5.5562,5.1467,-3.0778,17,24,2.3731,4.9596,-3.0781,3.1885,-0.01625,-0.292,104.21,6,trajectory,0.041077,1,0.13891,3.1886,1,running,0.023546,0.036086,0.43684,0.006435,0.068461,176.15,-0.0079257,0.048692,7.6434,-0.037259,0.042882,119.26,-0.0070727,0.027921,-132.59,-0.010345,0.036973,-44.352,-0.0032331,0.056387,-130.08,-0.015008,0.072643,-97.426
206,1034.8,5.4611,5.1408,-3.0803,17,24,2.3731,4.9596,-3.0781,3.0933,-0.0084976,-0.1574,104.21,6,trajectory,0.041077,1,0.1408,3.0933,1,running,0.023546,0.036086,0.43684,0.006435,0.068461,176.15,-0.0079257,0.048692,7.6434,-0.037259,0.042882,119.26,-0.0070727,0.027921,-132.59,-0.010345,0.036973,-44.352,-0.0032331,0.056387,-130.08,-0.015008,0.072643,-97.426
207,1035,5.3659,5.135,-3.0823,17,24,2.3731,4.9596,-3.0781,2.9979,-0.0022199,-0.042427,104.21,6,trajectory,0.041077,1,0.13943,2.9979,1,running,0.023546,0.036086,0.43684,0.006435,0.068461,176.15,-0.0079257,0.048692,7.6434,-0.037259,0.042882,119.26,-0.0070727,0.027921,-132.59,-0.010345,0.036973,-44.352,-0.0032331,0.056387,-130.08,-0.015008,0.072643,-97.426
208,1035.1,5.2706,5.1294,-3.084,17,24,2.3731,4.9596,-3.0781,2.9024,0.0026348,0.052013,104.21,6,trajectory,0.041077,1,0.137,2.9024,1,running,0.023546,0.036086,0.43683,0.006435,0.068461,176.15,-0.0079257,0.048692,7.6434,-0.037259,0.042882,119.26,-0.0070727,0.027921,-132.59,-0.010345,0.036973,-44.352,-0.0032331,0.056387,-130.08,-0.015008,0.072643,-97.426
209,1035.3,5.1632,5.1233,-3.0853,17,24,2.3731,4.9596,-3.0781,2.7949,0.0065586,0.13445,104.21,6,trajectory,0.041077,1,0.13752,2.7949,1,running,0.023546,0.036086,0.43684,0.006435,0.068461,176.15,-0.0079257,0.048692,7.6434,-0.037259,0.042882,119.26,-0.0070727,0.027921,-132.59,-0.010345,0.036973,-44.352,-0.0032331,0.056387,-130.08,-0.015008,0.072643,-97.426
210,1035.4,5.0676,5.118,-3.0862,17,24,2.3731,4.9596,-3.0781,2.6992,0.0088412,0.18767,104.21,6,trajectory,0.041077,1,0.137,2.6992,1,running,0.023546,0.036086,0.43683,0.006435,0.068461,176.15,-0.0079257,0.048692,7.6434,-0.037259,0.042882,119.26,-0.0070727,0.027921,-132.59,-0.010345,0.036973,-44.352,-0.0032331,0.056387,-130.08,-0.015008,0.072643,-97.426
211,1035.6,4.972,5.1127,-3.0867,17,24,2.3731,4.9596,-3.0781,2.6034,0.010136,0.22307,104.21,6,trajectory,0.041077,1,0.13792,2.6034,1,running,0.023546,0.036086,0.43683,0.006435,0.068461,176.15,-0.0079257,0.048692,7.6434,-0.037259,0.042882,119.26,-0.0070727,0.027921,-132.59,-0.010345,0.036973,-44.352,-0.0032331,0.056387,-130.08,-0.015008,0.072643,-97.426
212,1035.8,4.8763,5.1075,-3.0869,17,24,2.3731,4.9596,-3.0781,2.5075,0.010782,0.24637,104.21,6,trajectory,0.041077,1,0.13495,2.5075,1,running,0.023546,0.036086,0.43684,0.006435,0.068461,176.15,-0.0079257,0.048692,7.6434,-0.037259,0.042882,119.26,-0.0070727,0.027921,-132.59,-0.010345,0.036973,-44.352,-0.0032331,0.056387,-130.08,-0.015008,0.072643,-97.426
213,1035.9,4.7805,5.1022,-3.0869,17,24,2.3731,4.9596,-3.0781,2.4116,0.010846,0.25769,104.21,6,trajectory,0.041077,1,0.13514,2.4116,1,running,0.023546,0.036086,0.43684,0.006435,0.068461,176.15,-0.0079257,0.048692,7.6434,-0.037259,0.042882,119.26,-0.0070727,0.027921,-132.59,-0.010345,0.036973,-44.352,-0.0032331,0.056387,-130.08,-0.015008,0.072643,-97.426
214,1036.1,4.6847,5.097,-3.0868,18,24,1.3001,4.8882,-3.0574,3.391,0.023113,0.39052,104.21,6,trajectory,0.041077,1,0.13472,2.3157,1,running,0.023546,0.036086,0.43684,0.006435,0.068461,176.15,-0.0079257,0.048692,7.6434,-0.037259,0.042882,119.26,-0.0070727,0.027921,-132.59,-0.010345,0.036973,-44.352,-0.0032331,0.056387,-130.08,-0.015008,0.072643,-97.426
215,1036.3,4.5889,5.0917,-3.0865,18,24,1.3001,4.8882,-3.0574,3.295,0.022268,0.3872,104.21,6,trajectory,0.041077,1,0.13587,3.2951,1,running,0.023546,0.036086,0.43683,0.006435,0.068461,176.15,-0.0079257,0.048692,7.6434,-0.037259,0.042882,119.26,-0.0070727,0.027921,-132.59,-0.010345,0.036973,-44.352,-0.0032331,0.056387,-130.08,-0.015008,0.072643,-97.426
216,1036.4,4.4811,5.0857,-3.0862,18,24,1.3001,4.8882,-3.0574,3.187,0.021013,0.37776,104.21,6,trajectory,0.041077,1,0.13654,3.1871,1,running,0.023546,0.036086,0.43684,0.006435,0.068461,176.15,-0.0079257,0.048692,7.6434,-0.037259,0.042882,119.26,-0.0070727,0.027921,-132.59,-0.010345,0.036973,-44.352,-0.0032331,0.056387,-130.08,-0.015008,0.072643,-97.426
217,1036.6,4.3852,5.0804,-3.0858,18,24,1.3001,4.8882,-3.0574,3.091,0.01975,0.36609,104.21,6,trajectory,0.041077,1,0.13594,3.0911,1,running,0.023546,0.036086,0.43684,0.006435,0.068461,176.15,-0.0079257,0.048692,7.6434,-0.037259,0.042882,119.26,-0.0070727,0.027921,-132.59,-0.010345,0.036973,-44.352,-0.0032331,0.056387,-130.08,-0.015008,0.072643,-97.426
218,1036.8,4.2774,5.0743,-3.0853,18,24,1.3001,4.8882,-3.0574,2.9831,0.018264,0.35078,104.21,6,trajectory,0.041077,1,0.13736,2.9831,1,running,0.023546,0.036086,0.43684,0.006435,0.068461,176.15,-0.0079257,0.048692,7.6434,-0.037259,0.042882,119.26,-0.0070727,0.027921,-132.59,-0.010345,0.036973,-44.352,-0.0032331,0.056387,-130.08,-0.015008,0.072643,-97.426
219,1036.9,4.1816,5.0689,-3.0848,18,24,1.3001,4.8882,-3.0574,2.8871,0.016948,0.33633,104.21,6,trajectory,0.041077,1,0.14768,2.8872,1,running,0.023546,0.036086,0.43684,0.006435,0.068461,176.15,-0.0079257,0.048692,7.6434,-0.037259,0.042882,119.26,-0.0070727,0.027921,-132.59,-0.010345,0.036973,-44.352,-0.0032331,0.056387,-130.08,-0.015008,0.072643,-97.426
220,1037.1,4.0738,5.0628,-3.0843,18,24,1.3001,4.8882,-3.0574,2.7792,0.015519,0.31993,104.21,6,trajectory,0.041077,1,0.13764,2.7792,1,running,0.023546,0.036086,0.43683,0.006435,0.068461,176.15,-0.0079257,0.048692,7.6434,-0.037259,0.042882,119.26,-0.0070727,0.027921,-132.59,-0.010345,0.036973,-44.352,-0.0032331,0.056387,-130.08,-0.015008,0.072643,-97.426
221,1037.3,3.978,5.0573,-3.0839,18,24,1.3001,4.8882,-3.0574,2.6832,0.014323,0.30583,104.21,6,trajectory,0.041077,1,0.13648,2.6832,1,running,0.023546,0.036086,0.43684,0.006435,0.068461,176.15,-0.0079257,0.048692,7.6434,-0.037259,0.042882,119.26,-0.0070727,0.027921,-132.59,-0.010345,0.036973,-44.352,-0.0032331,0.056387,-130.08,-0.015008,0.072643,-97.426
222,1037.4,3.8822,5.0517,-3.0835,18,24,1.3001,4.8882,-3.0574,2.5872,0.0132,0.29232,104.21,6,trajectory,0.041077,1,0.13817,2.5873,1,running,0.023546,0.036086,0.43683,0.006435,0.068461,176.15,-0.0079257,0.048692,7.6434,-0.037259,0.042882,119.26,-0.0070727,0.027921,-132.59,-0.010345,0.036973,-44.352,-0.0032331,0.056387,-130.08,-0.015008,0.072643,-97.426
223,1037.6,3.7864,5.0461,-3.083,18,24,1.3001,4.8882,-3.0574,2.4913,0.012162,0.27972,104.21,6,trajectory,0.041077,1,0.13496,2.4913,1,running,0.023546,0.036086,0.43684,0.006435,0.068461,176.15,-0.0079257,0.048692,7.6434,-0.037259,0.042882,119.26,-0.0070727,0.027921,-132.59,-0.010345,0.036973,-44.352,-0.0032331,0.056387,-130.08,-0.015008,0.072643,-97.426
224,1037.7,3.6906,5.0405,-3.0826,19,24,0.35803,4.5693,-2.4596,3.3545,0.27403,4.6702,104.21,6,trajectory,0.041077,1,0.1386,2.3953,1,running,0.023546,0.036086,0.43683,0.006435,0.068461,176.15,-0.0079257,0.048692,7.6434,-0.037259,0.042882,119.26,-0.0070727,0.027921,-132.59,-0.010345,0.036973,-44.352,-0.0032331,0.056387,-130.08,-0.015008,0.072643,-97.426
225,1037.9,3.5948,5.0348,-3.0823,19,24,0.35803,4.5693,-2.4596,3.2586,0.27279,4.7852,104.21,6,trajectory,0.041077,1,0.1375,3.27,1,running,0.023546,0.036086,0.43683,0.006435,0.068461,176.15,-0.0079257,0.048692,7.6434,-0.037259,0.042882,119.26,-0.0070727,0.027921,-132.59,-0.010345,0.036973,-44.352,-0.0032331,0.056387,-130.08,-0.015008,0.072643,-97.426
226,1038.1,3.487,5.0284,-3.0819,19,24,0.35803,4.5693,-2.4596,3.1508,0.27148,4.9246,104.21,6,trajectory,0.041077,1,0.13834,3.1624,1,running,0.023546,0.036086,0.43684,0.006435,0.068461,176.15,-0.0079257,0.048692,7.6434,-0.037259,0.042882,119.26,-0.0070727,0.027921,-132.59,-0.010345,0.036973,-44.352,-0.0032331,0.056387,-130.08,-0.015008,0.072643,-97.426
227,1038.3,3.3792,5.0219,-3.0815,19,24,0.35803,4.5693,-2.4596,3.0429,0.27026,5.0755,104.21,6,trajectory,0.041077,1,0.14844,3.0549,1,running,0.023546,0.036086,0.43684,0.006435,0.068461,176.15,-0.0079257,0.048692,7.6434,-0.037259,0.042882,119.26,-0.0070727,0.027921,-132.59,-0.010345,0.036973,-44.352,-0.0032331,0.056387,-130.08,-0.015008,0.072643,-97.426
228,1038.4,3.2834,5.0161,-3.0811,19,24,0.35803,4.5693,-2.4596,2.947,0.26925,5.2203,104.21,6,trajectory,0.041077,1,0.13885,2.9592,1,running,0.023546,0.036086,0.43683,0.006435,0.068461,176.15,-0.0079257,0.048692,7.6434,-0.037259,0.042882,119.26,-0.0070727,0.027921,-132.59,-0.010345,0.036973,-44.352,-0.0032331,0.056387,-130.08,-0.015008,0.072643,-97.426
229,1038.6,3.1756,5.0096,-3.0808,19,24,0.35803,4.5693,-2.4596,2.8391,0.26817,5.396,104.21,6,trajectory,0.041077,1,0.13348,2.8517,1,running,0.023546,0.036086,0.43684,0.006435,0.068461,176.15,-0.0079257,0.048692,7.6434,-0.037259,0.042882,119.26,-0.0070727,0.027921,-132.59,-0.010345,0.036973,-44.352,-0.0032331,0.056387,-130.08,-0.015008,0.072643,-97.426
230,1038.8,3.0797,5.0037,-3.0804,19,24,0.35803,4.5693,-2.4596,2.7432,0.26726,5.5647,104.21,6,trajectory,0.041077,1,0.13569,2.7562,1,running,0.023546,0.036086,0.43684,0.006435,0.068461,176.15,-0.0079257,0.048692,7.6434,-0.037259,0.042882,119.26,-0.0070727,0.027921,-132.59,-0.010345,0.036973,-44.352,-0.0032331,0.056387,-130.08,-0.015008,0.072643,-97.426
231,1038.9,2.9839,4.9978,-3.0801,19,24,0.35803,4.5693,-2.4596,2.6472,0.2664,5.7465,104.21,6,trajectory,0.041077,1,0.16434,2.6606,1,running,0.023546,0.036086,0.43684,0.006435,0.068461,176.15,-0.0079257,0.048692,7.6434,-0.037259,0.042882,119.26,-0.0070727,0.027921,-132.59,-0.010345,0.036973,-44.352,-0.0032331,0.056387,-130.08,-0.015008,0.072643,-97.426
232,1039.1,2.8761,4.9912,-3.0798,19,24,0.35803,4.5693,-2.4596,2.5393,0.26547,5.9682,104.21,6,trajectory,0.041077,1,0.13453,2.5532,1,running,0.023546,0.036086,0.43684,0.006435,0.068461,176.15,-0.0079257,0.048692,7.6434,-0.037259,0.042882,119.26,-0.0070727,0.027921,-132.59,-0.010345,0.036973,-44.352,-0.0032331,0.056387,-130.08,-0.015008,0.072643,-97.426
233,1039.3,2.7803,4.9852,-3.0794,19,24,0.35803,4.5693,-2.4596,2.4434,0.26468,6.1825,104.21,6,trajectory,0.041077,1,0.13505,2.4577,1,running,0.023546,0.036086,0.43684,0.006435,0.068461,176.15,-0.0079257,0.048692,7.6434,-0.037259,0.042882,119.26,-0.0070727,0.027921,-132.59,-0.010345,0.036973,-44.352,-0.0032331,0.056387,-130.08,-0.015008,0.072643,-97.426
234,1039.4,2.6725,4.9785,-3.0791,20,24,-0.087501,3.6566,-1.6324,2.8372,1.1469,22.01,104.21,6,trajectory,0.041077,1,0.1351,2.3504,1,running,0.023546,0.036086,0.43683,0.006435,0.068461,176.15,-0.0079257,0.048692,7.6434,-0.037259,0.042882,119.26,-0.0070727,0.027921,-132.59,-0.010345,0.036973,-44.352,-0.0032331,0.056387,-130.08,-0.015008,0.072643,-97.426
235,1039.6,2.5767,4.9725,-3.0788,20,24,-0.087501,3.6566,-1.6324,2.7416,1.146,22.685,104.21,6,trajectory,0.041077,1,0.13948,2.9714,1,running,0.023546,0.036086,0.43684,0.006435,0.068461,176.15,-0.0079257,0.048692,7.6434,-0.037259,0.042882,119.26,-0.0070727,0.027921,-132.59,-0.010345,0.036973,-44.352,-0.0032331,0.056387,-130.08,-0.015008,0.072643,-97.426
236,1039.8,2.4689,4.9657,-3.0784,20,24,-0.087501,3.6566,-1.6324,2.634,1.145,23.496,104.21,6,trajectory,0.041077,1,0.1345,2.8721,1,running,0.023546,0.036086,0.43684,0.006435,0.068461,176.15,-0.0079257,0.048692,7.6434,-0.037259,0.042882,119.26,-0.0070727,0.027921,-132.59,-0.010345,0.036973,-44.352,-0.0032331,0.056387,-130.08,-0.015008,0.072643,-97.426
237,1039.9,2.3731,4.9596,-3.0781,20,24,-0.087501,3.6566,-1.6324,2.5383,1.1442,24.265,104.21,6,trajectory,0.041077,1,0.13653,2.7843,1,running,0.023546,0.036086,0.43684,0.006435,0.068461,176.15,-0.0079257,0.048692,7.6434,-0.037259,0.042882,119.26,-0.0070727,0.027921,-132.59,-0.010345,0.036973,-44.352,-0.0032331,0.056387,-130.08,-0.015008,0.072643,-97.426
238,1040.1,2.2773,4.9535,-3.0778,20,24,-0.087501,3.6566,-1.6324,2.4427,1.1434,25.085,104.21,6,trajectory,0.041077,1,0.13697,2.6971,1,running,0.023546,0.036086,0.43684,0.006435,0.068461,176.15,-0.0079257,0.048692,7.6434,-0.037259,0.042882,119.26,-0.0070727,0.027921,-132.59,-0.010345,0.036973,-44.352,-0.0032331,0.056387,-130.08,-0.015008,0.072643,-97.426
239,1040.3,2.1815,4.9474,-3.0775,20,24,-0.087501,3.6566,-1.6324,2.3471,1.1427,25.959,104.21,6,trajectory,0.041077,1,0.13625,2.6104,1,running,0.023546,0.036086,0.43684,0.006435,0.068461,176.15,-0.0079257,0.048692,7.6434,-0.037259,0.042882,119.26,-0.0070727,0.027921,-132.59,-0.010345,0.036973,-44.352,-0.0032331,0.056387,-130.08,-0.015008,0.072643,-97.426
240,1040.4,2.0857,4.9412,-3.0771,20,24,-0.087501,3.6566,-1.6324,2.2514,1.1419,26.895,104.21,6,trajectory,0.041077,1,0.13594,2.5245,1,running,0.023546,0.036086,0.43684,0.006435,0.068461,176.15,-0.0079257,0.048692,7.6434,-0.037259,0.042882,119.26,-0.0070727,0.027921,-132.59,-0.010345,0.036973,-44.352,-0.0032331,0.056387,-130.08,-0.015008,0.072643,-97.426
241,1040.6,1.9899,4.935,-3.0768,20,24,-0.087501,3.6566,-1.6324,2.1558,1.1412,27.896,104.21,6,trajectory,0.041077,1,0.13549,2.4392,1,running,0.023546,0.036086,0.43684,0.006435,0.068461,176.15,-0.0079257,0.048692,7.6434,-0.037259,0.042882,119.26,-0.0070727,0.027921,-132.59,-0.010345,0.036973,-44.352,-0.0032331,0.056387,-130.08,-0.015008,0.072643,-97.426
242,1040.7,1.8941,4.9288,-3.0765,21,24,-0.017771,2.6279,-1.469,2.0575,2.1717,46.547,104.21,6,trajectory,0.041077,1,0.13533,2.3548,1,running,0.023546,0.036086,0.43683,0.006435,0.068461,176.15,-0.0079257,0.048692,7.6434,-0.037259,0.042882,119.26,-0.0070727,0.027921,-132.59,-0.010345,0.036973,-44.352,-0.0032331,0.056387,-130.08,-0.015008,0.072643,-97.426
243,1040.9,1.7983,4.9225,-3.0762,21,24,-0.017771,2.6279,-1.469,1.9622,2.171,47.893,104.21,6,trajectory,0.041077,1,0.13686,2.9263,1,running,0.023546,0.036086,0.43684,0.006435,0.068461,176.15,-0.0079257,0.048692,7.6434,-0.037259,0.042882,119.26,-0.0070727,0.027921,-132.59,-0.010345,0.036973,-44.352,-0.0032331,0.056387,-130.08,-0.015008,0.072643,-97.426
244,1041.1,1.6905,4.9154,-3.0758,21,24,-0.017771,2.6279,-1.469,1.8549,2.1703,49.48,104.21,6,trajectory,0.041077,1,0.13815,2.855,1,running,0.023546,0.036086,0.43684,0.006435,0.068461,176.15,-0.0079257,0.048692,7.6434,-0.037259,0.042882,119.26,-0.0070727,0.027921,-132.59,-0.010345,0.036973,-44.352,-0.0032331,0.056387,-130.08,-0.015008,0.072643,-97.426
245,1041.2,1.5948,4.9091,-3.0755,21,24,-0.017771,2.6279,-1.469,1.7596,2.1698,50.959,104.21,6,trajectory,0.041077,1,0.13654,2.7936,1,running,0.023546,0.036086,0.43684,0.006435,0.068461,176.15,-0.0079257,0.048692,7.6434,-0.037259,0.042882,119.26,-0.0070727,0.027921,-132.59,-0.010345,0.036973,-44.352,-0.0032331,0.056387,-130.08,-0.015008,0.072643,-97.426
246,1041.4,1.4992,4.9028,-3.0744,21,24,-0.017771,2.6279,-1.469,1.6662,2.1679,52.455,104.21,6,trajectory,0.041077,1,0.1367,2.7343,1,running,0.023546,0.036086,0.43684,0.006435,0.068461,176.15,-0.0079257,0.048692,7.6434,-0.037259,0.042882,119.26,-0.0070727,0.027921,-132.59,-0.010345,0.036973,-44.352,-0.0032331,0.056387,-130.08,-0.015008,0.072643,-97.426
247,1041.6,1.4045,4.8962,-3.07,21,24,-0.017771,2.6279,-1.469,1.5808,2.1608,53.811,104.21,6,trajectory,0.041077,1,0.13539,2.6773,1,running,0.023546,0.036086,0.43684,0.006435,0.068461,176.15,-0.0079257,0.048692,7.6434,-0.037259,0.042882,119.26,-0.0070727,0.027921,-132.59,-0.010345,0.036973,-44.352,-0.0032331,0.056387,-130.08,-0.015008,0.072643,-97.426
248,1041.7,1.3115,4.8891,-3.0594,21,24,-0.017771,2.6279,-1.469,1.5104,2.1445,54.841,104.21,6,trajectory,0.041077,1,0.14008,2.623,1,running,0.023546,0.036086,0.43684,0.006435,0.068461,176.15,-0.0079257,0.048692,7.6434,-0.037259,0.042882,119.26,-0.0070727,0.027921,-132.59,-0.010345,0.036973,-44.352,-0.0032331,0.056387,-130.08,-0.015008,0.072643,-97.426
249,1041.9,1.2098,4.8797,-3.038,21,24,-0.017771,2.6279,-1.469,1.4539,2.1128,55.467,104.21,6,trajectory,0.041077,1,0.13799,2.5647,1,running,0.023546,0.036086,0.43684,0.006435,0.068461,176.15,-0.0079257,0.048692,7.6434,-0.037259,0.042882,119.26,-0.0070727,0.027921,-132.59,-0.010345,0.036973,-44.352,-0.0032331,0.056387,-130.08,-0.015008,0.072643,-97.426
250,1042.1,1.122,4.8694,-3.0108,21,24,-0.017771,2.6279,-1.469,1.4224,2.0737,55.553,104.21,6,trajectory,0.041077,1,0.13927,2.5147,1,running,0.023546,0.036086,0.43684,0.006435,0.068461,176.15,-0.0079257,0.048692,7.6434,-0.037259,0.042882,119.26,-0.0070727,0.027921,-132.59,-0.010345,0.036973,-44.352,-0.0032331,0.056387,-130.08,-0.015008,0.072643,-97.426
251,1042.2,1.0369,4.8568,-2.9763,21,24,-0.017771,2.6279,-1.469,1.4071,2.025,55.205,104.21,6,trajectory,0.041077,1,0.13937,2.4659,1,running,0.023546,0.036086,0.43683,0.006435,0.068461,176.15,-0.0079257,0.048692,7.6434,-0.037259,0.042882,119.26,-0.0070727,0.027921,-132.59,-0.010345,0.036973,-44.352,-0.0032331,0.056387,-130.08,-0.015008,0.072643,-97.426
252,1042.4,0.9547,4.8414,-2.9352,22,24,0.077342,1.5583,-1.4888,1.5315,3.0337,63.215,104.21,6,trajectory,0.041077,1,0.14254,2.4177,1,running,0.023546,0.036086,0.43684,0.006435,0.068461,176.15,-0.0079257,0.048692,7.6434,-0.037259,0.042882,119.26,-0.0070727,0.027921,-132.59,-0.010345,0.036973,-44.352,-0.0032331,0.056387,-130.08,-0.015008,0.072643,-97.426
253,1042.6,0.86504,4.8203,-2.8833,22,24,0.077342,1.5583,-1.4888,1.5949,2.9525,61.624,104.21,6,trajectory,0.041077,1,0.13948,3.3558,1,running,0.023546,0.036086,0.43684,0.006435,0.068461,176.15,-0.0079257,0.048692,7.6434,-0.037259,0.042882,119.26,-0.0070727,0.027921,-132.59,-0.010345,0.036973,-44.352,-0.0032331,0.056387,-130.08,-0.015008,0.072643,-97.426
254,1042.7,0.78805,4.7979,-2.8328,22,24,0.077342,1.5583,-1.4888,1.6617,2.8704,59.933,104.21,6,trajectory,0.041077,1,0.14169,3.3166,1,running,0.023546,0.036086,0.43684,0.006435,0.068461,176.15,-0.0079257,0.048692,7.6434,-0.037259,0.042882,119.26,-0.0070727,0.027921,-132.59,-0.010345,0.036973,-44.352,-0.0032331,0.056387,-130.08,-0.015008,0.072643,-97.426
255,1042.9,0.70443,4.7684,-2.7723,22,24,0.077342,1.5583,-1.4888,1.7435,2.7674,57.788,104.21,6,trajectory,0.041077,1,0.14091,3.2708,1,running,0.023546,0.036086,0.43683,0.006435,0.068461,176.15,-0.0079257,0.048692,7.6434,-0.037259,0.042882,119.26,-0.0070727,0.027921,-132.59,-0.010345,0.036973,-44.352,-0.0032331,0.056387,-130.08,-0.015008,0.072643,-97.426
256,1043.1,0.63274,4.7383,-2.7159,22,24,0.077342,1.5583,-1.4888,1.8191,2.6669,55.702,104.21,6,trajectory,0.041077,1,0.14116,3.2282,1,running,0.023546,0.036086,0.43684,0.006435,0.068461,176.15,-0.0079257,0.048692,7.6434,-0.037259,0.042882,119.26,-0.0070727,0.027921,-132.59,-0.010345,0.036973,-44.352,-0.0032331,0.056387,-130.08,-0.015008,0.072643,-97.426
257,1043.2,0.56394,4.7047,-2.6576,22,24,0.077342,1.5583,-1.4888,1.8948,2.5586,53.479,104.21,6,trajectory,0.041077,1,0.14012,3.1838,1,running,0.023546,0.036086,0.43684,0.006435,0.068461,176.15,-0.0079257,0.048692,7.6434,-0.037259,0.042882,119.26,-0.0070727,0.027921,-132.59,-0.010345,0.036973,-44.352,-0.0032331,0.056387,-130.08,-0.015008,0.072643,-97.426
258,1043.4,0.49709,4.667,-2.5978,22,24,0.077342,1.5583,-1.4888,1.9677,2.4431,51.152,104.21,6,trajectory,0.041077,1,0.14124,3.1369,1,running,0.023546,0.036086,0.43683,0.006435,0.068461,176.15,-0.0079257,0.048692,7.6434,-0.037259,0.042882,119.26,-0.0070727,0.027921,-132.59,-0.010345,0.036973,-44.352,-0.0032331,0.056387,-130.08,-0.015008,0.072643,-97.426
259,1043.6,0.42556,4.6203,-2.5292,22,24,0.077342,1.5583,-1.4888,2.0451,2.3054,48.424,104.21,6,trajectory,0.041077,1,0.14019,3.0818,1,running,0.023546,0.036086,0.43684,0.006435,0.068461,176.15,-0.0079257,0.048692,7.6434,-0.037259,0.042882,119.26,-0.0070727,0.027921,-132.59,-0.010345,0.036973,-44.352,-0.0032331,0.056387,-130.08,-0.015008,0.072643,-97.426
260,1043.7,0.36529,4.5751,-2.4673,22,24,0.077342,1.5583,-1.4888,2.1084,2.177,45.917,104.21,6,trajectory,0.041077,1,0.13916,3.0306,1,running,0.023546,0.036086,0.43684,0.006435,0.068461,176.15,-0.0079257,0.048692,7.6434,-0.037259,0.042882,119.26,-0.0070727,0.027921,-132.59,-0.010345,0.036973,-44.352,-0.0032331,0.056387,-130.08,-0.015008,0.072643,-97.426
261,1043.9,0.3084,4.5267,-2.4051,22,24,0.077342,1.5583,-1.4888,2.1651,2.0438,43.35,104.21,6,trajectory,0.041077,1,0.13845,2.9774,1,running,0.023546,0.036086,0.43684,0.006435,0.068461,176.15,-0.0079257,0.048692,7.6434,-0.037259,0.042882,119.26,-0.0070727,0.027921,-132.59,-0.010345,0.036973,-44.352,-0.0032331,0.056387,-130.08,-0.015008,0.072643,-97.426
262,1044.1,0.24779,4.4677,-2.3342,22,24,0.077342,1.5583,-1.4888,2.22,1.8883,40.384,104.21,6,trajectory,0.041077,1,0.13874,2.9144,1,running,0.023546,0.036086,0.43683,0.006435,0.068461,176.15,-0.0079257,0.048692,7.6434,-0.037259,0.042882,119.26,-0.0070727,0.027921,-132.59,-0.010345,0.036973,-44.352,-0.0032331,0.056387,-130.08,-0.015008,0.072643,-97.426
263,1044.2,0.19792,4.4122,-2.2711,22,24,0.077342,1.5583,-1.4888,2.2599,1.747,37.705,104.21,6,trajectory,0.041077,1,0.15153,2.8565,1,running,0.023546,0.036086,0.43684,0.006435,0.068461,176.15,-0.0079257,0.048692,7.6434,-0.037259,0.042882,119.26,-0.0070727,0.027921,-132.59,-0.010345,0.036973,-44.352,-0.0032331,0.056387,-130.08,-0.015008,0.072643,-97.426
264,1044.4,0.14605,4.346,-2.1999,22,24,0.077342,1.5583,-1.4888,2.2945,1.5847,34.632,104.21,6,trajectory,0.041077,1,0.13602,2.7886,1,running,0.023546,0.036086,0.43684,0.006435,0.068461,176.15,-0.0079257,0.048692,7.6434,-0.037259,0.042882,119.26,-0.0070727,0.027921,-132.59,-0.010345,0.036973,-44.352,-0.0032331,0.056387,-130.08,-0.015008,0.072643,-97.426
265,1044.6,0.104,4.2842,-2.1365,22,24,0.077342,1.5583,-1.4888,2.3155,1.4387,31.854,104.21,6,trajectory,0.041077,1,0.14233,2.7261,1,running,0.023546,0.036086,0.43684,0.006435,0.068461,176.15,-0.0079257,0.048692,7.6434,-0.037259,0.042882,119.26,-0.0070727,0.027921,-132.59,-0.010345,0.036973,-44.352,-0.0032331,0.056387,-130.08,-0.015008,0.072643,-97.426
266,1044.7,0.066012,4.22,-2.0733,22,24,0.077342,1.5583,-1.4888,2.3272,1.2919,29.035,104.21,6,trajectory,0.041077,1,0.13456,2.6617,1,running,0.023546,0.036086,0.43684,0.006435,0.068461,176.15,-0.0079257,0.048692,7.6434,-0.037259,0.042882,119.26,-0.0070727,0.027921,-132.59,-0.010345,0.036973,-44.352,-0.0032331,0.056387,-130.08,-0.015008,0.072643,-97.426
267,1044.9,0.032053,4.1532,-2.01,22,24,0.077342,1.5583,-1.4888,2.3294,1.1445,26.165,104.21,6,trajectory,0.041077,1,0.13792,2.5954,1,running,0.023546,0.036086,0.43684,0.006435,0.068461,176.15,-0.0079257,0.048692,7.6434,-0.037259,0.042882,119.26,-0.0070727,0.027921,-132.59,-0.010345,0.036973,-44.352,-0.0032331,0.056387,-130.08,-0.015008,0.072643,-97.426
268,1045.1,0.0023244,4.0844,-1.9468,22,24,0.077342,1.5583,-1.4888,2.3221,0.99737,23.244,104.21,6,trajectory,0.041077,1,0.13842,2.5272,1,running,0.023546,0.036086,0.43683,0.006435,0.068461,176.15,-0.0079257,0.048692,7.6434,-0.037259,0.042882,119.26,-0.0070727,0.027921,-132.59,-0.010345,0.036973,-44.352,-0.0032331,0.056387,-130.08,-0.015008,0.072643,-97.426
269,1045.2,-0.02585,4.005,-1.8769,22,24,0.077342,1.5583,-1.4888,2.3019,0.83561,19.951,104.21,6,trajectory,0.041077,1,0.13781,2.4489,1,running,0.023546,0.036086,0.43684,0.006435,0.068461,176.15,-0.0079257,0.048692,7.6434,-0.037259,0.042882,119.26,-0.0070727,0.027921,-132.59,-0.010345,0.036973,-44.352,-0.0032331,0.056387,-130.08,-0.015008,0.072643,-97.426
270,1045.4,-0.046564,3.9316,-1.8158,23,24,0.12418,0.99345,-1.4865,2.809,0.87845,17.366,104.21,6,trajectory,0.041077,1,0.14517,2.3766,1,running,0.023546,0.036086,0.43683,0.006435,0.068461,176.15,-0.0079257,0.048692,7.6434,-0.037259,0.042882,119.26,-0.0070727,0.027921,-132.59,-0.010345,0.036973,-44.352,-0.0032331,0.056387,-130.08,-0.015008,0.072643,-97.426
271,1045.5,-0.063117,3.8561,-1.7583,23,24,0.12418,0.99345,-1.4865,2.7776,0.71763,14.487,104.21,6,trajectory,0.041077,1,0.1436,2.8688,1,running,0.023546,0.036086,0.43684,0.006435,0.068461,176.15,-0.0079257,0.048692,7.6434,-0.037259,0.042882,119.26,-0.0070727,0.027921,-132.59,-0.010345,0.036973,-44.352,-0.0032331,0.056387,-130.08,-0.015008,0.072643,-97.426
272,1045.7,-0.077028,3.7682,-1.6984,23,24,0.12418,0.99345,-1.4865,2.7266,0.55259,11.456,104.21,6,trajectory,0.041077,1,0.13893,2.7821,1,running,0.023546,0.036086,0.43684,0.006435,0.068461,176.15,-0.0079257,0.048692,7.6434,-0.037259,0.042882,119.26,-0.0070727,0.027921,-132.59,-0.010345,0.036973,-44.352,-0.0032331,0.056387,-130.08,-0.015008,0.072643,-97.426
273,1045.9,-0.085333,3.6875,-1.6494,23,24,0.12418,0.99345,-1.4865,2.6693,0.42053,8.9532,104.21,6,trajectory,0.041077,1,0.14176,2.7022,1,running,0.023546,0.036086,0.43684,0.006435,0.068461,176.15,-0.0079257,0.048692,7.6434,-0.037259,0.042882,119.26,-0.0070727,0.027921,-132.59,-0.010345,0.036973,-44.352,-0.0032331,0.056387,-130.08,-0.015008,0.072643,-97.426
274,1046.1,-0.090372,3.5939,-1.6012,23,24,0.12418,0.99345,-1.4865,2.5928,0.29363,6.4613,104.21,6,trajectory,0.041077,1,0.14287,2.6093,1,running,0.023546,0.036086,0.43684,0.006435,0.068461,176.15,-0.0079257,0.048692,7.6434,-0.037259,0.042882,119.26,-0.0070727,0.027921,-132.59,-0.010345,0.036973,-44.352,-0.0032331,0.056387,-130.08,-0.015008,0.072643,-97.426
275,1046.2,-0.091386,3.5085,-1.5652,23,24,0.12418,0.99345,-1.4865,2.5162,0.2015,4.5787,104.21,6,trajectory,0.041077,1,0.14993,2.5242,1,running,0.023546,0.036086,0.43684,0.006435,0.068461,176.15,-0.0079257,0.048692,7.6434,-0.037259,0.042882,119.26,-0.0070727,0.027921,-132.59,-0.010345,0.036973,-44.352,-0.0032331,0.056387,-130.08,-0.015008,0.072643,-97.426
276,1046.4,-0.08912,3.4099,-1.5319,23,24,0.12418,0.99345,-1.4865,2.4229,0.11925,2.8177,104.21,6,trajectory,0.041077,1,0.15188,2.4259,1,running,0.023546,0.036086,0.43684,0.006435,0.068461,176.15,-0.0079257,0.048692,7.6434,-0.037259,0.042882,119.26,-0.0070727,0.027921,-132.59,-0.010345,0.036973,-44.352,-0.0032331,0.056387,-130.08,-0.015008,0.072643,-97.426
277,1046.6,-0.083827,3.3091,-1.5062,23,24,0.12418,0.99345,-1.4865,2.3242,0.058019,1.43,104.21,6,trajectory,0.041077,1,0.14559,2.325,1,running,0.023546,0.036086,0.43684,0.006435,0.068461,176.15,-0.0079257,0.048692,7.6434,-0.037259,0.042882,119.26,-0.0070727,0.027921,-132.59,-0.010345,0.036973,-44.352,-0.0032331,0.056387,-130.08,-0.015008,0.072643,-97.426
278,1046.8,-0.076145,3.2064,-1.4873,23,24,0.12418,0.99345,-1.4865,2.2219,0.015034,0.38767,104.21,6,trajectory,0.041077,1,0.14992,2.222,1,running,0.023546,0.036086,0.43683,0.006435,0.068461,176.15,-0.0079257,0.048692,7.6434,-0.037259,0.042882,119.26,-0.0070727,0.027921,-132.59,-0.010345,0.036973,-44.352,-0.0032331,0.056387,-130.08,-0.015008,0.072643,-97.426
279,1046.9,-0.066728,3.1019,-1.4756,23,24,0.12418,0.99345,-1.4865,2.117,-0.010459,-0.28306,104.21,6,trajectory,0.041077,1,0.15321,2.1171,1,running,0.023546,0.036086,0.43684,0.006435,0.068461,176.15,-0.0079257,0.048692,7.6434,-0.037259,0.042882,119.26,-0.0070727,0.027921,-132.59,-0.010345,0.036973,-44.352,-0.0032331,0.056387,-130.08,-0.015008,0.072643,-97.426
280,1047.1,-0.05622,2.9961,-1.4687,23,24,0.12418,0.99345,-1.4865,2.0106,-0.024557,-0.69976,104.21,6,trajectory,0.041077,1,0.14825,2.0108,1,running,0.023546,0.036086,0.43684,0.006435,0.068461,176.15,-0.0079257,0.048692,7.6434,-0.037259,0.042882,119.26,-0.0070727,0.027921,-132.59,-0.010345,0.036973,-44.352,-0.0032331,0.056387,-130.08,-0.015008,0.072643,-97.426
281,1047.3,-0.046349,2.9013,-1.466,23,24,0.12418,0.99345,-1.4865,1.9152,-0.029912,-0.89481,104.21,6,trajectory,0.041077,1,0.17846,1.9154,1,running,0.023546,0.036086,0.43684,0.006435,0.068461,176.15,-0.0079257,0.048692,7.6434,-0.037259,0.042882,119.26,-0.0070727,0.027921,-132.59,-0.010345,0.036973,-44.352,-0.0032331,0.056387,-130.08,-0.015008,0.072643,-97.426
282,1047.5,-0.032543,2.7703,-1.4661,23,24,0.12418,0.99345,-1.4865,1.7835,-0.029768,-0.95624,104.21,6,trajectory,0.041077,1,0.18011,1.7837,1,running,0.023546,0.036086,0.43683,0.006435,0.068461,176.15,-0.0079257,0.048692,7.6434,-0.037259,0.042882,119.26,-0.0070727,0.027921,-132.59,-0.010345,0.036973,-44.352,-0.0032331,0.056387,-130.08,-0.015008,0.072643,-97.426
